"id","sekcja","urzadzenie","czas_pracy","awaria","kontrole_niezaliczone","usterki_rok","wydajnosc"
1,"A","nawilzacz",20.9,1,4,4,92.7
2,"A","agregat",17.1,1,2,5,84
3,"A","agregat",36,0,1,0,115.3
4,"B","wentylator",22.9,1,2,1,112.6
5,"A","wentylator",2.6,1,1,2,101.1
6,"C","wentylator",29.5,1,2,1,88.6
7,"C","nawilzacz",17,1,4,1,104.1
8,"A","agregat",36,0,1,2,92.1
9,"C","wentylator",4.1,1,1,1,104.8
10,"B","wentylator",2,1,3,4,106.9
11,"B","wentylator",10.7,1,1,1,101.5
12,"C","wentylator",2.5,1,2,3,99.4
13,"C","wentylator",6.9,1,2,2,108.6
14,"A","agregat",23.7,1,5,3,108.6
15,"B","wentylator",2.1,1,2,2,103.4
16,"A","agregat",25.5,1,3,2,99
17,"B","wentylator",6.5,1,1,0,107.5
18,"B","nawilzacz",36,0,3,3,101.6
19,"B","agregat",20.6,1,2,3,111.6
20,"B","wentylator",36,0,1,4,89.7
21,"B","wentylator",23.6,1,2,3,99.3
22,"A","wentylator",27,1,1,6,108.8
23,"A","wentylator",7.1,1,1,3,94.5
24,"A","wentylator",2.8,1,1,1,86.2
25,"C","wentylator",19.2,1,2,2,104.5
26,"C","wentylator",12.4,1,0,1,95.2
27,"C","nawilzacz",1.9,1,4,4,96.1
28,"B","agregat",19.1,1,1,2,106.2
29,"A","nawilzacz",15.9,1,3,1,116.9
30,"B","wentylator",25,1,1,1,100.4
31,"B","wentylator",25.9,1,1,1,107.6
32,"A","nawilzacz",20.1,1,1,0,83
33,"A","nawilzacz",4.1,1,2,3,100.7
34,"A","agregat",16.2,1,3,1,86.1
35,"A","nawilzacz",28.1,1,1,3,86.4
36,"A","nawilzacz",36,0,3,1,111.3
37,"A","agregat",36,0,1,4,105.6
38,"A","agregat",19.7,1,1,3,104.6
39,"B","nawilzacz",36,0,3,2,95.7
40,"A","wentylator",5.3,1,1,1,89.7
41,"C","wentylator",12.7,1,2,3,103.4
42,"C","wentylator",36,0,0,1,91
43,"B","agregat",31.3,1,3,4,119.4
44,"B","wentylator",16.4,1,0,2,100.6
45,"A","wentylator",8.2,1,2,1,102.5
46,"A","agregat",36,0,0,1,87.4
47,"C","wentylator",16.4,1,1,5,104.2
48,"A","wentylator",36,0,1,2,109.1
49,"C","agregat",36,0,1,1,102.5
50,"A","nawilzacz",22.6,1,3,2,100.4
51,"A","nawilzacz",25.2,1,0,0,112.5
52,"C","agregat",17.1,1,1,2,105.8
53,"C","wentylator",1.2,1,2,2,105.1
54,"A","agregat",25.8,1,3,3,108.5
55,"A","nawilzacz",27.8,1,4,2,102.7
56,"C","wentylator",8.5,1,1,0,125.1
57,"A","agregat",33.6,1,0,1,102.8
58,"C","wentylator",25.5,1,1,4,108.6
59,"A","wentylator",14.9,1,2,1,107.3
60,"B","agregat",33.6,1,2,1,105.7
61,"A","agregat",7.7,1,2,1,108.4
62,"C","agregat",29.2,1,0,3,102.8
63,"C","wentylator",27.3,1,1,4,84.5
64,"A","wentylator",36,0,2,2,93.6
65,"B","wentylator",5.6,1,1,0,118.7
66,"A","wentylator",15.8,1,0,2,115.4
67,"A","agregat",33.9,1,1,0,99.1
68,"C","agregat",32.9,1,0,3,79.9
69,"C","nawilzacz",25.8,1,3,0,93.9
70,"B","agregat",30.2,1,2,1,88
71,"B","agregat",30.2,1,1,4,86.6
72,"A","wentylator",5.7,1,2,1,107.6
73,"C","agregat",15.8,1,3,3,101
74,"C","agregat",30.5,1,2,1,111.5
75,"A","agregat",17.8,1,1,1,89.4
76,"A","agregat",31.6,1,1,0,92
77,"B","nawilzacz",8,1,3,2,105.1
78,"A","agregat",26.8,1,0,3,109.3
79,"A","wentylator",3.8,1,2,3,98.6
80,"C","wentylator",17.2,1,3,0,92.3
81,"C","nawilzacz",1.9,1,2,3,114.8
82,"A","agregat",34.2,1,2,2,113.5
83,"A","wentylator",12.4,1,3,3,108.5
84,"A","nawilzacz",29.5,1,1,1,106.5
85,"A","agregat",36,0,1,2,90.4
86,"A","nawilzacz",34.7,1,1,1,83.8
87,"A","agregat",32.9,1,1,2,117
88,"B","agregat",20.9,1,0,2,102.4
89,"C","agregat",36,0,2,0,93.4
90,"B","agregat",23.5,1,5,4,112.2
91,"A","wentylator",17.4,1,2,5,95.1
92,"C","wentylator",36,0,4,4,96.3
93,"A","agregat",12,1,1,2,103.5
94,"A","agregat",24.6,1,2,1,88.8
95,"C","agregat",33.3,1,1,3,96
96,"B","wentylator",7.4,1,2,2,91.5
97,"A","nawilzacz",34.3,1,1,0,109.4
98,"B","wentylator",14.5,1,1,2,102.6
99,"B","agregat",19.2,1,3,1,97.7
100,"A","wentylator",7.3,1,2,0,110.6
101,"B","agregat",16.7,1,1,3,99.6
102,"A","nawilzacz",9.1,1,3,1,98.3
103,"B","nawilzacz",24.5,1,1,2,101.1
104,"A","agregat",13,1,2,1,94.8
105,"C","wentylator",8.7,1,1,2,100.5
106,"C","agregat",36,0,2,4,107.4
107,"A","wentylator",7.9,1,4,0,101.6
108,"A","nawilzacz",23.2,1,2,1,113
109,"A","wentylator",9.1,1,2,3,95.3
110,"A","wentylator",27.9,1,2,4,97.5
111,"A","agregat",33.3,1,2,1,110.7
112,"A","agregat",24.6,1,0,1,90.3
113,"C","nawilzacz",11.2,1,0,0,88.7
114,"A","wentylator",17.2,1,2,4,105.2
115,"B","wentylator",36,0,1,3,96.7
116,"A","nawilzacz",26.9,1,2,1,92.2
117,"C","wentylator",6.9,1,3,2,92.6
118,"B","agregat",11.4,1,1,1,106.3
119,"B","agregat",20.2,1,4,1,94.5
120,"A","agregat",36,0,3,3,99.7
121,"B","wentylator",0.7,1,0,2,93.7
122,"C","agregat",15.4,1,4,3,103.5
123,"B","wentylator",10.2,1,0,0,94.7
124,"A","agregat",24.8,1,2,4,103.6
125,"B","agregat",23.9,1,0,5,95.6
126,"A","nawilzacz",23.1,1,3,0,114.9
127,"C","wentylator",3.1,1,0,0,103.2
128,"B","nawilzacz",7.5,1,3,3,85.1
129,"B","wentylator",5.9,1,3,2,111
130,"A","agregat",22.9,1,2,1,99.4
131,"B","wentylator",13.3,1,2,2,101.8
132,"B","agregat",17.9,1,2,2,111.1
133,"C","wentylator",13.5,1,4,0,103.2
134,"A","agregat",22,1,2,0,120.5
135,"B","wentylator",11.6,1,2,2,95.8
136,"A","wentylator",6.9,1,2,0,102.8
137,"C","nawilzacz",36,0,1,1,103.8
138,"A","wentylator",19.4,1,4,3,106.3
139,"B","wentylator",3,1,4,4,106.7
140,"B","wentylator",2.9,1,2,2,104.4
141,"C","agregat",32.9,1,3,0,90.1
142,"C","wentylator",2.4,1,1,1,96.7
143,"A","agregat",29.4,1,3,4,100.6
144,"A","nawilzacz",13.8,1,2,1,96
145,"C","wentylator",6.3,1,3,3,102.6
146,"C","wentylator",28.6,1,0,3,93.6
147,"B","agregat",30.9,1,1,1,107.3
148,"B","nawilzacz",36,0,0,4,101.7
149,"B","nawilzacz",22.2,1,2,2,104.4
150,"B","wentylator",8.6,1,2,4,98.2
