"zielony","czerwony","nir1","nir2","ndvi","klasa"
84,99,104,81,0.025,"gleba szara"
76,99,104,81,0.025,"gleba szara"
80,112,118,88,0.026,"gleba szara"
80,107,113,85,0.027,"gleba szara"
76,95,100,78,0.026,"gleba szara wilgotna"
76,91,100,74,0.047,"gleba szara wilgotna"
68,83,87,67,0.024,"gleba szara wilgotna"
84,103,108,85,0.024,"gleba szara"
84,99,108,85,0.043,"gleba szara"
92,107,118,88,0.049,"gleba szara"
88,103,108,85,0.024,"gleba szara"
88,103,108,88,0.024,"gleba szara"
88,99,104,85,0.025,"gleba szara"
84,103,108,85,0.024,"gleba szara"
84,99,108,85,0.043,"gleba szara"
84,99,100,81,0.005,"gleba szara"
71,75,87,78,0.074,"roslinnosc na sciernisku"
60,54,87,74,0.234,"roslinnosc na sciernisku"
71,79,79,63,0,"gleba szara bardzo wilgotna"
56,51,67,63,0.136,"roslinnosc na sciernisku"
84,103,104,79,0.005,"gleba szara"
79,103,104,83,0.005,"gleba szara"
75,95,100,79,0.026,"gleba szara wilgotna"
75,87,96,71,0.049,"gleba szara wilgotna"
71,75,81,62,0.038,"gleba szara wilgotna"
88,107,113,87,0.027,"gleba szara"
88,103,109,87,0.028,"gleba szara"
84,103,113,87,0.046,"gleba szara"
88,111,118,92,0.031,"gleba szara"
93,107,113,87,0.027,"gleba szara"
93,107,109,87,0.009,"gleba szara"
88,107,109,92,0.009,"gleba szara"
93,103,109,87,0.028,"gleba szara"
88,107,113,87,0.027,"gleba szara"
79,99,100,79,0.005,"gleba szara"
88,95,100,79,0.026,"gleba szara"
88,103,109,83,0.028,"gleba szara"
84,103,104,83,0.005,"gleba szara"
84,99,104,83,0.025,"gleba szara"
75,87,93,71,0.033,"gleba szara bardzo wilgotna"
75,83,85,71,0.012,"gleba szara bardzo wilgotna"
67,72,81,67,0.059,"gleba szara bardzo wilgotna"
55,54,85,67,0.223,"roslinnosc na sciernisku"
74,87,92,70,0.028,"gleba szara wilgotna"
74,83,92,66,0.051,"gleba szara wilgotna"
63,67,104,85,0.216,"uprawa bawelny"
82,96,104,78,0.04,"gleba szara"
90,104,112,85,0.037,"gleba szara"
90,104,112,89,0.037,"gleba szara"
90,104,112,85,0.037,"gleba szara"
90,104,117,92,0.059,"gleba szara"
90,109,112,89,0.014,"gleba szara"
90,109,108,89,-0.005,"gleba szara"
86,104,104,85,0,"gleba szara"
82,96,100,81,0.02,"gleba szara"
86,96,104,81,0.04,"gleba szara"
59,60,73,63,0.098,"roslinnosc na sciernisku"
56,49,73,70,0.197,"roslinnosc na sciernisku"
92,103,110,86,0.033,"gleba szara"
92,108,114,86,0.027,"gleba szara"
83,103,105,83,0.01,"gleba szara"
79,99,105,83,0.029,"gleba szara"
79,91,93,72,0.011,"gleba szara wilgotna"
79,91,90,68,-0.006,"gleba szara wilgotna"
79,88,93,68,0.028,"gleba szara wilgotna"
75,88,93,72,0.028,"gleba szara wilgotna"
46,34,119,131,0.556,"uprawa bawelny"
87,103,105,86,0.01,"gleba szara"
87,95,105,83,0.05,"gleba szara"
87,108,110,90,0.009,"gleba szara"
87,103,114,86,0.051,"gleba szara"
87,103,105,86,0.01,"gleba szara"
83,99,101,79,0.01,"gleba szara"
83,95,105,83,0.05,"gleba szara"
83,95,101,79,0.031,"gleba szara"
83,103,105,83,0.01,"gleba szara"
87,103,105,83,0.01,"gleba szara"
79,88,97,72,0.049,"gleba szara bardzo wilgotna"
71,77,82,64,0.031,"gleba szara bardzo wilgotna"
71,81,82,68,0.006,"gleba szara bardzo wilgotna"
63,66,68,57,0.015,"gleba szara bardzo wilgotna"
59,57,75,64,0.136,"roslinnosc na sciernisku"
93,115,124,101,0.038,"gleba szara"
93,125,135,104,0.038,"gleba szara"
89,120,129,97,0.036,"gleba szara"
78,102,105,80,0.014,"gleba szara"
78,88,97,73,0.049,"gleba szara wilgotna"
82,92,93,73,0.005,"gleba szara wilgotna"
74,84,89,69,0.029,"gleba szara wilgotna"
67,75,93,80,0.107,"uprawa bawelny"
53,56,105,97,0.304,"uprawa bawelny"
74,92,101,76,0.047,"gleba szara"
85,102,110,83,0.038,"gleba szara"
93,111,110,94,-0.005,"gleba szara"
93,106,114,87,0.036,"gleba szara"
89,106,114,90,0.036,"gleba szara"
89,111,114,87,0.013,"gleba szara"
89,111,110,87,-0.005,"gleba szara"
89,106,114,90,0.036,"gleba szara"
89,102,114,90,0.056,"gleba szara"
89,97,105,83,0.04,"gleba szara"
85,102,101,83,-0.005,"gleba szara"
82,102,105,83,0.014,"gleba szara"
82,97,105,87,0.04,"gleba szara"
70,88,89,69,0.006,"gleba szara bardzo wilgotna"
74,79,85,69,0.037,"gleba szara bardzo wilgotna"
60,63,74,58,0.08,"gleba szara bardzo wilgotna"
88,125,136,109,0.042,"gleba szara"
88,125,125,102,0,"gleba szara"
80,98,102,79,0.02,"gleba szara"
80,98,98,79,0,"gleba szara"
80,98,102,76,0.02,"gleba szara"
50,40,125,128,0.515,"uprawa bawelny"
44,34,131,131,0.588,"uprawa bawelny"
47,31,131,139,0.617,"uprawa bawelny"
41,31,131,135,0.617,"uprawa bawelny"
64,73,106,83,0.184,"uprawa bawelny"
84,111,106,87,-0.023,"gleba szara"
88,106,106,83,0,"gleba szara"
84,102,106,83,0.019,"gleba szara"
88,111,111,87,0,"gleba szara"
92,106,111,87,0.023,"gleba szara"
88,106,111,87,0.023,"gleba szara"
88,111,115,87,0.018,"gleba szara"
88,106,111,87,0.023,"gleba szara"
92,115,120,94,0.021,"gleba szara"
84,106,111,87,0.023,"gleba szara"
88,106,115,87,0.041,"gleba szara"
92,106,111,87,0.023,"gleba szara"
84,102,115,91,0.06,"gleba szara"
88,111,120,94,0.039,"gleba szara"
88,106,111,87,0.023,"gleba szara"
76,85,86,72,0.006,"gleba szara bardzo wilgotna"
68,85,86,68,0.006,"gleba szara bardzo wilgotna"
72,81,82,68,0.006,"gleba szara bardzo wilgotna"
72,81,86,68,0.03,"gleba szara bardzo wilgotna"
88,126,139,103,0.049,"gleba szara"
80,99,100,74,0.005,"gleba szara"
76,91,96,70,0.027,"gleba szara wilgotna"
71,79,96,74,0.097,"uprawa bawelny"
53,45,113,114,0.43,"uprawa bawelny"
46,31,139,143,0.635,"uprawa bawelny"
43,31,133,139,0.622,"uprawa bawelny"
43,31,128,135,0.61,"uprawa bawelny"
43,31,128,135,0.61,"uprawa bawelny"
92,107,113,88,0.027,"gleba szara"
92,107,113,88,0.027,"gleba szara"
88,107,113,88,0.027,"gleba szara"
88,107,108,85,0.005,"gleba szara"
84,103,108,85,0.024,"gleba szara"
84,99,108,85,0.043,"gleba szara"
88,107,113,88,0.027,"gleba szara"
88,103,118,85,0.068,"gleba szara"
88,99,108,85,0.043,"gleba szara"
84,103,108,85,0.024,"gleba szara"
80,95,91,74,-0.022,"gleba szara bardzo wilgotna"
68,79,83,67,0.025,"gleba szara bardzo wilgotna"
71,75,87,67,0.074,"gleba szara bardzo wilgotna"
88,121,128,104,0.028,"gleba szara"
84,99,100,79,0.005,"gleba szara"
84,99,100,75,0.005,"gleba szara"
84,91,100,75,0.047,"gleba szara wilgotna"
44,34,128,129,0.58,"uprawa bawelny"
44,34,123,129,0.567,"uprawa bawelny"
41,32,139,150,0.626,"uprawa bawelny"
88,107,109,87,0.009,"gleba szara"
88,107,109,87,0.009,"gleba szara"
88,103,109,83,0.028,"gleba szara"
88,107,109,87,0.009,"gleba szara"
93,116,118,96,0.009,"gleba szara"
88,103,113,87,0.046,"gleba szara"
88,107,109,87,0.009,"gleba szara"
88,103,109,87,0.028,"gleba szara"
75,83,85,67,0.012,"gleba szara bardzo wilgotna"
75,83,85,67,0.012,"gleba szara bardzo wilgotna"
82,100,104,81,0.02,"gleba szara"
82,100,96,78,-0.02,"gleba szara"
43,32,127,133,0.597,"uprawa bawelny"
43,32,122,133,0.584,"uprawa bawelny"
46,29,138,151,0.653,"uprawa bawelny"
49,32,138,151,0.624,"uprawa bawelny"
46,29,138,147,0.653,"uprawa bawelny"
46,34,122,129,0.564,"uprawa bawelny"
86,104,108,85,0.019,"gleba szara"
90,109,112,89,0.014,"gleba szara"
90,109,112,89,0.014,"gleba szara"
86,109,108,89,-0.005,"gleba szara"
86,104,112,85,0.037,"gleba szara"
95,113,117,96,0.017,"gleba szara"
90,109,108,85,-0.005,"gleba szara"
82,96,100,78,0.02,"gleba szara bardzo wilgotna"
70,79,80,66,0.006,"gleba szara bardzo wilgotna"
66,75,80,66,0.032,"gleba szara bardzo wilgotna"
70,75,76,63,0.007,"gleba szara bardzo wilgotna"
74,83,84,66,0.006,"gleba szara bardzo wilgotna"
92,112,119,90,0.03,"gleba szara"
92,112,114,94,0.009,"gleba szara"
92,108,114,90,0.027,"gleba szara"
46,32,124,131,0.59,"uprawa bawelny"
75,84,101,79,0.092,"uprawa bawelny"
87,99,105,83,0.029,"gleba szara"
87,108,119,90,0.048,"gleba szara"
92,112,119,90,0.03,"gleba szara"
92,108,110,90,0.009,"gleba szara"
92,108,110,86,0.009,"gleba szara"
87,103,105,86,0.01,"gleba szara"
87,108,110,86,0.009,"gleba szara"
87,112,114,90,0.009,"gleba szara"
92,108,114,86,0.027,"gleba szara"
92,108,114,90,0.027,"gleba szara"
92,103,110,86,0.033,"gleba szara"
75,91,93,72,0.011,"gleba szara bardzo wilgotna"
71,77,82,64,0.031,"gleba szara bardzo wilgotna"
71,88,93,72,0.028,"gleba szara bardzo wilgotna"
93,106,114,90,0.036,"gleba szara"
53,49,114,108,0.399,"uprawa bawelny"
44,31,129,140,0.613,"uprawa bawelny"
44,34,129,143,0.583,"uprawa bawelny"
44,34,119,136,0.556,"uprawa bawelny"
47,37,114,126,0.51,"uprawa bawelny"
93,111,119,94,0.035,"gleba szara"
89,106,114,90,0.036,"gleba szara"
93,115,114,90,-0.004,"gleba szara"
67,75,82,62,0.045,"gleba szara bardzo wilgotna"
67,71,74,58,0.021,"gleba szara bardzo wilgotna"
78,84,89,73,0.029,"gleba szara bardzo wilgotna"
67,75,74,62,-0.007,"gleba szara bardzo wilgotna"
67,67,70,55,0.022,"gleba szara bardzo wilgotna"
88,102,111,87,0.042,"gleba szara"
76,77,102,83,0.14,"uprawa bawelny"
44,29,125,135,0.623,"uprawa bawelny"
50,31,131,135,0.617,"uprawa bawelny"
44,31,125,135,0.603,"uprawa bawelny"
44,29,136,146,0.648,"uprawa bawelny"
44,31,131,135,0.617,"uprawa bawelny"
88,106,111,87,0.023,"gleba szara"
92,115,115,91,0,"gleba szara"
88,111,115,91,0.018,"gleba szara"
92,111,115,91,0.018,"gleba szara"
88,106,111,87,0.023,"gleba szara"
60,62,67,54,0.039,"gleba szara bardzo wilgotna"
64,69,74,61,0.035,"gleba szara bardzo wilgotna"
68,81,86,72,0.03,"gleba szara bardzo wilgotna"
64,73,74,61,0.007,"gleba szara bardzo wilgotna"
72,77,82,68,0.031,"gleba szara bardzo wilgotna"
76,81,90,76,0.053,"gleba szara bardzo wilgotna"
68,69,71,57,0.014,"gleba szara bardzo wilgotna"
64,66,67,54,0.008,"gleba szara bardzo wilgotna"
46,31,128,135,0.61,"uprawa bawelny"
46,31,133,143,0.622,"uprawa bawelny"
46,34,128,135,0.58,"uprawa bawelny"
46,36,128,132,0.561,"uprawa bawelny"
53,45,108,103,0.412,"uprawa bawelny"
46,34,122,125,0.564,"uprawa bawelny"
50,34,118,125,0.553,"uprawa bawelny"
84,99,104,85,0.025,"gleba szara"
88,107,118,88,0.049,"gleba szara"
92,112,118,88,0.026,"gleba szara"
92,103,113,88,0.046,"gleba szara"
88,107,122,88,0.066,"gleba szara"
56,57,56,45,-0.009,"roslinnosc na sciernisku"
60,57,67,49,0.081,"roslinnosc na sciernisku"
60,57,67,49,0.081,"roslinnosc na sciernisku"
56,54,67,49,0.107,"roslinnosc na sciernisku"
64,71,75,63,0.027,"gleba szara bardzo wilgotna"
71,79,87,70,0.048,"gleba szara bardzo wilgotna"
68,75,79,67,0.026,"gleba szara bardzo wilgotna"
71,79,79,63,0,"gleba szara bardzo wilgotna"
64,71,79,59,0.053,"gleba szara bardzo wilgotna"
84,111,118,92,0.031,"gleba szara"
84,99,100,79,0.005,"gleba szara wilgotna"
44,32,139,141,0.626,"uprawa bawelny"
44,34,139,146,0.607,"uprawa bawelny"
44,32,128,137,0.6,"uprawa bawelny"
44,32,113,121,0.559,"uprawa bawelny"
51,37,118,112,0.523,"uprawa bawelny"
88,107,109,87,0.009,"gleba szara"
88,111,109,92,-0.009,"gleba szara"
93,111,118,92,0.031,"gleba szara"
93,111,118,92,0.031,"gleba szara"
75,79,89,67,0.06,"gleba szara bardzo wilgotna"
59,51,67,46,0.136,"roslinnosc na sciernisku"
71,87,96,75,0.049,"gleba szara bardzo wilgotna"
75,83,89,71,0.035,"gleba szara bardzo wilgotna"
86,104,108,89,0.019,"gleba szara"
78,83,96,74,0.073,"uprawa bawelny"
63,56,108,103,0.317,"uprawa bawelny"
46,32,138,144,0.624,"uprawa bawelny"
46,32,133,136,0.612,"uprawa bawelny"
46,34,127,129,0.578,"uprawa bawelny"
49,34,117,122,0.55,"uprawa bawelny"
86,104,112,85,0.037,"gleba szara"
90,113,117,96,0.017,"gleba szara"
90,113,112,92,-0.004,"gleba szara"
74,87,92,74,0.028,"gleba szara bardzo wilgotna"
74,79,84,66,0.031,"gleba szara bardzo wilgotna"
59,56,62,48,0.051,"roslinnosc na sciernisku"
59,56,66,44,0.082,"roslinnosc na sciernisku"
59,53,66,44,0.109,"roslinnosc na sciernisku"
56,53,66,48,0.109,"roslinnosc na sciernisku"
63,67,73,59,0.043,"gleba szara bardzo wilgotna"
70,79,84,66,0.031,"gleba szara bardzo wilgotna"
63,67,69,59,0.015,"gleba szara bardzo wilgotna"
59,63,73,59,0.074,"gleba szara bardzo wilgotna"
66,75,76,63,0.007,"gleba szara bardzo wilgotna"
92,112,124,94,0.051,"gleba szara"
83,99,101,75,0.01,"gleba szara"
79,91,97,75,0.032,"gleba szara wilgotna"
79,95,93,75,-0.011,"gleba szara wilgotna"
42,32,130,146,0.605,"uprawa bawelny"
42,34,130,142,0.585,"uprawa bawelny"
46,32,130,142,0.605,"uprawa bawelny"
42,34,124,135,0.57,"uprawa bawelny"
49,34,114,124,0.541,"uprawa bawelny"
49,40,105,116,0.448,"uprawa bawelny"
46,32,124,135,0.59,"uprawa bawelny"
42,32,119,127,0.576,"uprawa bawelny"
52,40,110,113,0.467,"uprawa bawelny"
96,117,114,94,-0.013,"gleba szara"
92,112,114,90,0.009,"gleba szara"
83,99,101,83,0.01,"gleba szara"
79,95,101,75,0.031,"gleba szara bardzo wilgotna"
79,84,86,68,0.012,"gleba szara bardzo wilgotna"
67,70,68,57,-0.014,"roslinnosc na sciernisku"
59,54,62,45,0.069,"roslinnosc na sciernisku"
59,60,72,57,0.091,"gleba szara bardzo wilgotna"
97,115,119,94,0.017,"gleba szara"
97,115,124,94,0.038,"gleba szara"
78,92,93,80,0.005,"gleba szara wilgotna"
78,88,97,80,0.049,"gleba szara wilgotna"
63,63,101,90,0.232,"uprawa bawelny"
44,34,129,143,0.583,"uprawa bawelny"
44,31,124,143,0.6,"uprawa bawelny"
44,34,129,140,0.583,"uprawa bawelny"
44,34,114,129,0.541,"uprawa bawelny"
44,31,124,136,0.6,"uprawa bawelny"
44,31,124,133,0.6,"uprawa bawelny"
47,40,110,111,0.467,"uprawa bawelny"
60,63,97,94,0.212,"uprawa bawelny"
78,92,97,76,0.026,"gleba szara bardzo wilgotna"
93,115,114,94,-0.004,"gleba szara"
97,115,114,94,-0.004,"gleba szara"
78,84,85,65,0.006,"gleba szara bardzo wilgotna"
53,60,63,48,0.024,"roslinnosc na sciernisku"
53,53,67,48,0.117,"roslinnosc na sciernisku"
57,56,63,51,0.059,"roslinnosc na sciernisku"
53,49,70,55,0.176,"roslinnosc na sciernisku"
57,56,70,48,0.111,"roslinnosc na sciernisku"
57,56,74,58,0.138,"roslinnosc na sciernisku"
63,63,74,62,0.08,"roslinnosc na sciernisku"
44,37,101,108,0.464,"uprawa bawelny"
53,53,85,76,0.232,"uprawa bawelny"
63,67,74,58,0.05,"gleba szara bardzo wilgotna"
92,115,120,94,0.021,"gleba szara"
80,89,98,79,0.048,"gleba szara wilgotna"
47,34,131,139,0.588,"uprawa bawelny"
44,31,125,139,0.603,"uprawa bawelny"
47,34,115,124,0.544,"uprawa bawelny"
47,40,115,116,0.484,"uprawa bawelny"
47,34,115,120,0.544,"uprawa bawelny"
47,37,111,105,0.5,"uprawa bawelny"
68,77,86,65,0.055,"gleba szara bardzo wilgotna"
88,111,115,94,0.018,"gleba szara"
88,111,115,91,0.018,"gleba szara"
88,106,111,87,0.023,"gleba szara"
84,98,106,83,0.039,"gleba szara"
88,98,106,79,0.039,"gleba szara"
84,98,98,79,0,"gleba szara"
76,81,90,65,0.053,"gleba szara bardzo wilgotna"
72,77,78,65,0.006,"gleba szara bardzo wilgotna"
64,69,71,57,0.014,"roslinnosc na sciernisku"
57,59,64,50,0.041,"roslinnosc na sciernisku"
53,52,78,65,0.2,"roslinnosc na sciernisku"
53,49,74,57,0.203,"roslinnosc na sciernisku"
57,55,74,61,0.147,"roslinnosc na sciernisku"
57,55,67,50,0.098,"roslinnosc na sciernisku"
44,29,106,113,0.57,"uprawa bawelny"
44,37,98,94,0.452,"uprawa bawelny"
80,99,104,81,0.025,"gleba szara"
84,95,96,78,0.005,"gleba szara wilgotna"
76,87,96,74,0.049,"gleba szara wilgotna"
80,95,100,81,0.026,"gleba szara wilgotna"
80,103,96,81,-0.035,"gleba szara wilgotna"
84,95,100,78,0.026,"gleba szara wilgotna"
76,87,87,74,0,"gleba szara wilgotna"
76,87,91,78,0.022,"gleba szara wilgotna"
68,68,100,85,0.19,"uprawa bawelny"
43,29,133,143,0.642,"uprawa bawelny"
46,31,133,139,0.622,"uprawa bawelny"
56,51,100,92,0.325,"uprawa bawelny"
68,71,91,70,0.123,"uprawa bawelny"
68,75,75,59,0,"gleba szara bardzo wilgotna"
68,75,83,59,0.051,"gleba szara bardzo wilgotna"
84,103,108,85,0.024,"gleba szara"
92,112,118,92,0.026,"gleba szara"
84,99,104,78,0.025,"gleba szara bardzo wilgotna"
84,95,104,78,0.045,"gleba szara bardzo wilgotna"
68,83,83,67,0,"gleba szara bardzo wilgotna"
71,75,83,67,0.051,"gleba szara bardzo wilgotna"
71,83,87,70,0.024,"gleba szara bardzo wilgotna"
71,79,83,67,0.025,"gleba szara bardzo wilgotna"
60,61,71,59,0.076,"roslinnosc na sciernisku"
84,95,100,79,0.026,"gleba szara wilgotna"
84,95,100,79,0.026,"gleba szara wilgotna"
79,91,96,75,0.027,"gleba szara wilgotna"
75,87,93,75,0.033,"uprawa bawelny"
44,32,118,125,0.573,"uprawa bawelny"
48,34,118,125,0.553,"uprawa bawelny"
44,34,123,129,0.567,"uprawa bawelny"
48,29,118,129,0.605,"uprawa bawelny"
67,72,77,54,0.034,"gleba szara bardzo wilgotna"
67,72,74,58,0.014,"gleba szara bardzo wilgotna"
67,79,81,62,0.013,"gleba szara bardzo wilgotna"
84,103,104,83,0.005,"gleba szara"
79,95,96,75,0.005,"gleba szara bardzo wilgotna"
71,83,85,67,0.012,"gleba szara bardzo wilgotna"
71,79,85,67,0.037,"gleba szara bardzo wilgotna"
63,64,85,75,0.141,"roslinnosc na sciernisku"
55,48,74,62,0.213,"roslinnosc na sciernisku"
41,27,123,129,0.64,"uprawa bawelny"
51,45,85,71,0.308,"uprawa bawelny"
82,100,100,78,0,"gleba szara wilgotna"
46,34,112,122,0.534,"uprawa bawelny"
49,34,117,125,0.55,"uprawa bawelny"
66,71,73,55,0.014,"gleba szara bardzo wilgotna"
66,79,84,63,0.031,"gleba szara bardzo wilgotna"
66,83,80,63,-0.018,"gleba szara bardzo wilgotna"
78,87,96,78,0.049,"gleba szara bardzo wilgotna"
74,79,84,66,0.031,"gleba szara bardzo wilgotna"
70,75,84,66,0.057,"gleba szara bardzo wilgotna"
70,83,88,70,0.029,"gleba szara bardzo wilgotna"
74,83,88,70,0.029,"gleba szara bardzo wilgotna"
74,83,88,74,0.029,"gleba szara bardzo wilgotna"
56,49,69,59,0.169,"roslinnosc na sciernisku"
52,49,76,59,0.216,"roslinnosc na sciernisku"
43,27,133,151,0.662,"uprawa bawelny"
43,27,122,133,0.638,"uprawa bawelny"
52,46,76,66,0.246,"roslinnosc na sciernisku"
83,99,105,79,0.029,"gleba szara"
83,99,101,83,0.01,"gleba szara wilgotna"
92,103,114,86,0.051,"gleba szara"
92,103,105,83,0.01,"gleba szara"
75,81,93,79,0.069,"uprawa bawelny"
49,37,114,120,0.51,"uprawa bawelny"
46,37,105,116,0.479,"uprawa bawelny"
49,40,105,113,0.448,"uprawa bawelny"
63,70,72,53,0.014,"gleba szara bardzo wilgotna"
67,66,72,53,0.043,"gleba szara bardzo wilgotna"
71,81,82,64,0.006,"gleba szara bardzo wilgotna"
71,81,82,64,0.006,"gleba szara bardzo wilgotna"
75,91,90,72,-0.006,"gleba szara bardzo wilgotna"
75,84,93,72,0.051,"gleba szara bardzo wilgotna"
75,91,97,72,0.032,"gleba szara bardzo wilgotna"
59,57,82,68,0.18,"roslinnosc na sciernisku"
59,60,82,68,0.155,"roslinnosc na sciernisku"
56,48,68,53,0.172,"roslinnosc na sciernisku"
56,51,68,60,0.143,"roslinnosc na sciernisku"
56,48,79,64,0.244,"roslinnosc na sciernisku"
52,37,110,116,0.497,"uprawa bawelny"
85,97,105,80,0.04,"gleba szara"
78,92,97,76,0.026,"gleba szara wilgotna"
82,92,101,83,0.047,"gleba szara wilgotna"
85,97,101,80,0.02,"gleba szara"
82,102,110,83,0.038,"gleba szara"
93,111,114,90,0.013,"gleba szara"
63,67,74,55,0.05,"gleba szara bardzo wilgotna"
67,67,70,55,0.022,"gleba szara bardzo wilgotna"
63,67,74,55,0.05,"gleba szara bardzo wilgotna"
67,75,82,62,0.045,"gleba szara bardzo wilgotna"
74,79,89,69,0.06,"gleba szara bardzo wilgotna"
74,84,85,73,0.006,"gleba szara bardzo wilgotna"
50,49,89,87,0.29,"uprawa bawelny"
42,29,114,129,0.594,"uprawa bawelny"
50,40,82,80,0.344,"uprawa bawelny"
97,111,115,94,0.018,"gleba szara"
84,98,102,79,0.02,"gleba szara"
88,98,106,87,0.039,"gleba szara"
64,73,74,54,0.007,"gleba szara bardzo wilgotna"
68,69,78,54,0.061,"gleba szara bardzo wilgotna"
68,77,78,61,0.006,"gleba szara bardzo wilgotna"
76,81,86,72,0.03,"gleba szara bardzo wilgotna"
72,81,90,72,0.053,"gleba szara bardzo wilgotna"
68,73,86,72,0.082,"roslinnosc na sciernisku"
57,52,90,76,0.268,"roslinnosc na sciernisku"
53,49,82,65,0.252,"roslinnosc na sciernisku"
57,55,71,61,0.127,"roslinnosc na sciernisku"
57,55,78,65,0.173,"roslinnosc na sciernisku"
41,31,98,113,0.519,"uprawa bawelny"
50,46,102,102,0.378,"uprawa bawelny"
44,37,115,120,0.513,"uprawa bawelny"
47,31,106,105,0.547,"uprawa bawelny"
47,37,94,87,0.435,"uprawa bawelny"
97,116,122,96,0.025,"gleba szara"
92,112,118,92,0.026,"gleba szara"
92,107,118,92,0.049,"gleba szara"
97,112,122,88,0.043,"gleba szara"
92,107,113,85,0.027,"gleba szara"
84,95,104,74,0.045,"gleba szara"
71,83,100,78,0.093,"uprawa bawelny"
68,71,79,59,0.053,"gleba szara bardzo wilgotna"
60,71,75,56,0.027,"gleba szara bardzo wilgotna"
64,75,75,56,0,"gleba szara bardzo wilgotna"
64,71,71,59,0,"gleba szara bardzo wilgotna"
68,71,67,56,-0.029,"gleba szara bardzo wilgotna"
68,75,71,56,-0.027,"gleba szara bardzo wilgotna"
68,75,83,67,0.051,"roslinnosc na sciernisku"
56,54,83,70,0.212,"roslinnosc na sciernisku"
56,54,83,70,0.212,"roslinnosc na sciernisku"
40,31,104,110,0.541,"uprawa bawelny"
46,34,104,103,0.507,"uprawa bawelny"
97,116,113,92,-0.013,"gleba szara"
88,107,109,87,0.009,"gleba szara"
97,111,109,87,-0.009,"gleba szara"
63,68,70,54,0.014,"gleba szara bardzo wilgotna"
67,72,74,54,0.014,"gleba szara bardzo wilgotna"
67,72,74,54,0.014,"gleba szara bardzo wilgotna"
67,68,74,54,0.042,"gleba szara bardzo wilgotna"
67,72,74,58,0.014,"gleba szara bardzo wilgotna"
67,72,81,67,0.059,"roslinnosc na sciernisku"
71,79,89,71,0.06,"gleba szara bardzo wilgotna"
63,64,77,62,0.092,"roslinnosc na sciernisku"
48,34,104,108,0.507,"uprawa bawelny"
44,34,100,100,0.493,"uprawa bawelny"
44,32,104,104,0.529,"uprawa bawelny"
99,113,117,96,0.017,"gleba szara"
95,113,117,96,0.017,"gleba szara"
95,113,112,89,-0.004,"gleba szara"
90,104,117,89,0.059,"gleba szara"
90,113,112,92,-0.004,"gleba szara"
63,75,76,59,0.007,"gleba szara bardzo wilgotna"
63,71,73,55,0.014,"gleba szara bardzo wilgotna"
66,79,80,59,0.006,"gleba szara bardzo wilgotna"
66,71,73,55,0.014,"gleba szara bardzo wilgotna"
66,71,73,55,0.014,"gleba szara bardzo wilgotna"
66,71,73,55,0.014,"gleba szara bardzo wilgotna"
66,71,73,59,0.014,"gleba szara bardzo wilgotna"
70,79,88,66,0.054,"gleba szara bardzo wilgotna"
78,83,84,66,0.006,"gleba szara bardzo wilgotna"
70,79,96,78,0.097,"gleba szara bardzo wilgotna"
70,79,92,81,0.076,"roslinnosc na sciernisku"
66,71,88,78,0.107,"roslinnosc na sciernisku"
66,71,92,74,0.129,"roslinnosc na sciernisku"
66,71,80,66,0.06,"roslinnosc na sciernisku"
66,75,80,70,0.032,"gleba szara bardzo wilgotna"
66,71,76,63,0.034,"gleba szara wilgotna"
46,32,104,111,0.529,"uprawa bawelny"
46,34,104,118,0.507,"uprawa bawelny"
43,27,108,125,0.6,"uprawa bawelny"
49,40,96,100,0.412,"uprawa bawelny"
96,112,114,94,0.009,"gleba szara"
92,112,114,90,0.009,"gleba szara"
92,108,114,90,0.027,"gleba szara"
96,108,110,90,0.009,"gleba szara"
96,117,119,94,0.008,"gleba szara"
92,117,114,90,-0.013,"gleba szara"
63,70,75,53,0.034,"gleba szara bardzo wilgotna"
67,73,79,57,0.039,"gleba szara bardzo wilgotna"
71,84,86,64,0.012,"gleba szara bardzo wilgotna"
71,73,82,60,0.058,"gleba szara bardzo wilgotna"
67,73,72,57,-0.007,"gleba szara bardzo wilgotna"
63,70,72,57,0.014,"gleba szara bardzo wilgotna"
63,70,68,57,-0.014,"gleba szara bardzo wilgotna"
71,81,82,64,0.006,"gleba szara bardzo wilgotna"
71,81,79,64,-0.013,"gleba szara bardzo wilgotna"
67,73,79,60,0.039,"gleba szara bardzo wilgotna"
75,81,82,64,0.006,"gleba szara bardzo wilgotna"
83,99,105,75,0.029,"gleba szara bardzo wilgotna"
79,84,93,75,0.051,"gleba szara bardzo wilgotna"
63,70,82,72,0.079,"roslinnosc na sciernisku"
63,70,82,68,0.079,"roslinnosc na sciernisku"
71,77,90,72,0.078,"gleba szara bardzo wilgotna"
75,81,86,72,0.03,"gleba szara wilgotna"
46,32,110,120,0.549,"uprawa bawelny"
42,30,105,116,0.556,"uprawa bawelny"
93,111,114,87,0.013,"gleba szara"
82,88,97,73,0.049,"gleba szara bardzo wilgotna"
78,84,89,69,0.029,"gleba szara bardzo wilgotna"
63,71,78,55,0.047,"gleba szara bardzo wilgotna"
67,75,82,65,0.045,"gleba szara bardzo wilgotna"
70,75,82,62,0.045,"gleba szara bardzo wilgotna"
70,79,85,65,0.037,"gleba szara bardzo wilgotna"
74,79,82,65,0.019,"gleba szara bardzo wilgotna"
70,84,97,80,0.072,"gleba szara bardzo wilgotna"
67,75,89,76,0.085,"roslinnosc na sciernisku"
70,75,89,76,0.085,"roslinnosc na sciernisku"
67,79,85,65,0.037,"gleba szara wilgotna"
44,31,110,129,0.56,"uprawa bawelny"
44,29,101,115,0.554,"uprawa bawelny"
80,106,102,79,-0.019,"gleba szara wilgotna"
64,73,82,61,0.058,"gleba szara bardzo wilgotna"
64,73,78,57,0.033,"gleba szara bardzo wilgotna"
64,73,82,61,0.058,"gleba szara bardzo wilgotna"
64,73,78,57,0.033,"gleba szara bardzo wilgotna"
68,77,78,61,0.006,"gleba szara bardzo wilgotna"
76,89,94,76,0.027,"gleba szara bardzo wilgotna"
76,98,98,76,0,"gleba szara bardzo wilgotna"
80,98,98,76,0,"gleba szara bardzo wilgotna"
80,94,98,76,0.021,"gleba szara bardzo wilgotna"
72,85,98,79,0.071,"gleba szara wilgotna"
72,85,90,76,0.029,"gleba szara wilgotna"
44,31,111,124,0.563,"uprawa bawelny"
47,37,106,116,0.483,"uprawa bawelny"
101,116,122,96,0.025,"gleba szara"
101,112,122,96,0.043,"gleba szara"
92,107,118,88,0.049,"gleba szara"
84,99,104,81,0.025,"gleba szara wilgotna"
76,79,87,63,0.048,"gleba szara bardzo wilgotna"
64,75,75,63,0,"gleba szara bardzo wilgotna"
68,75,79,59,0.026,"gleba szara bardzo wilgotna"
64,68,75,56,0.049,"gleba szara bardzo wilgotna"
64,71,71,56,0,"gleba szara bardzo wilgotna"
68,71,71,59,0,"gleba szara bardzo wilgotna"
76,91,96,74,0.027,"gleba szara bardzo wilgotna"
76,91,100,74,0.047,"gleba szara bardzo wilgotna"
76,91,100,81,0.047,"gleba szara wilgotna"
71,83,96,74,0.073,"gleba szara wilgotna"
40,29,113,128,0.592,"uprawa bawelny"
93,116,118,92,0.009,"gleba szara"
88,107,109,83,0.009,"gleba szara wilgotna"
84,103,109,79,0.028,"gleba szara wilgotna"
88,107,109,87,0.009,"gleba szara wilgotna"
84,99,100,79,0.005,"gleba szara wilgotna"
67,72,70,50,-0.014,"gleba szara bardzo wilgotna"
67,75,77,58,0.013,"gleba szara bardzo wilgotna"
67,75,74,58,-0.007,"gleba szara bardzo wilgotna"
71,79,81,58,0.013,"gleba szara bardzo wilgotna"
67,75,70,54,-0.034,"gleba szara bardzo wilgotna"
63,72,74,58,0.014,"gleba szara bardzo wilgotna"
67,72,74,58,0.014,"gleba szara bardzo wilgotna"
67,72,74,58,0.014,"gleba szara bardzo wilgotna"
71,79,85,62,0.037,"gleba szara bardzo wilgotna"
71,79,89,71,0.06,"gleba szara bardzo wilgotna"
75,83,89,71,0.035,"gleba szara bardzo wilgotna"
75,87,93,75,0.033,"gleba szara wilgotna"
44,32,104,112,0.529,"uprawa bawelny"
41,29,113,129,0.592,"uprawa bawelny"
95,118,122,96,0.017,"gleba szara"
86,104,112,85,0.037,"gleba szara wilgotna"
86,104,104,85,0,"gleba szara wilgotna"
86,104,104,81,0,"gleba szara wilgotna"
78,91,96,70,0.027,"gleba szara bardzo wilgotna"
66,75,80,59,0.032,"gleba szara bardzo wilgotna"
66,75,84,63,0.057,"gleba szara bardzo wilgotna"
63,75,80,59,0.032,"gleba szara bardzo wilgotna"
66,79,80,63,0.006,"gleba szara bardzo wilgotna"
66,75,76,59,0.007,"gleba szara bardzo wilgotna"
66,75,76,59,0.007,"gleba szara bardzo wilgotna"
66,79,76,63,-0.019,"gleba szara bardzo wilgotna"
66,79,88,63,0.054,"gleba szara bardzo wilgotna"
70,79,84,70,0.031,"gleba szara wilgotna"
66,79,80,70,0.006,"gleba szara wilgotna"
46,32,108,122,0.543,"uprawa bawelny"
96,117,114,94,-0.013,"gleba szara"
83,103,105,86,0.01,"gleba szara wilgotna"
92,112,114,90,0.009,"gleba szara wilgotna"
87,103,105,83,0.01,"gleba szara wilgotna"
67,77,86,64,0.055,"gleba szara bardzo wilgotna"
67,77,82,60,0.031,"gleba szara bardzo wilgotna"
63,70,72,57,0.014,"gleba szara bardzo wilgotna"
63,73,75,60,0.014,"gleba szara bardzo wilgotna"
67,77,75,60,-0.013,"gleba szara bardzo wilgotna"
67,77,82,60,0.031,"gleba szara bardzo wilgotna"
67,70,86,64,0.103,"gleba szara wilgotna"
67,77,86,60,0.055,"gleba szara wilgotna"
89,115,114,87,-0.004,"gleba szara"
89,106,105,87,-0.005,"gleba szara wilgotna"
82,97,101,80,0.02,"gleba szara wilgotna"
70,79,82,62,0.019,"gleba szara bardzo wilgotna"
67,75,78,58,0.02,"gleba szara bardzo wilgotna"
63,79,85,62,0.037,"gleba szara bardzo wilgotna"
67,75,82,62,0.045,"gleba szara bardzo wilgotna"
70,79,74,58,-0.033,"gleba szara bardzo wilgotna"
63,75,74,55,-0.007,"gleba szara bardzo wilgotna"
63,75,74,62,-0.007,"gleba szara bardzo wilgotna"
63,71,78,62,0.047,"gleba szara bardzo wilgotna"
63,79,89,65,0.06,"gleba szara bardzo wilgotna"
60,79,85,65,0.037,"gleba szara bardzo wilgotna"
70,84,89,76,0.029,"gleba szara wilgotna"
53,49,93,90,0.31,"uprawa bawelny"
64,73,78,54,0.033,"gleba szara bardzo wilgotna"
88,106,111,87,0.023,"gleba szara wilgotna"
88,106,111,87,0.023,"gleba szara wilgotna"
64,73,78,57,0.033,"gleba szara bardzo wilgotna"
68,73,78,61,0.033,"gleba szara bardzo wilgotna"
68,77,78,61,0.006,"gleba szara bardzo wilgotna"
68,77,78,65,0.006,"gleba szara bardzo wilgotna"
68,77,74,57,-0.02,"gleba szara bardzo wilgotna"
64,73,74,57,0.007,"gleba szara bardzo wilgotna"
76,115,120,102,0.021,"gleba czerwona"
64,89,102,79,0.068,"gleba szara wilgotna"
72,89,90,76,0.006,"gleba szara wilgotna"
72,94,86,72,-0.044,"gleba szara wilgotna"
76,94,98,76,0.021,"gleba szara wilgotna"
76,98,98,76,0,"gleba szara wilgotna"
72,85,86,68,0.006,"gleba szara wilgotna"
84,99,108,85,0.043,"gleba szara wilgotna"
68,75,75,56,0,"gleba szara bardzo wilgotna"
68,75,79,59,0.026,"gleba szara bardzo wilgotna"
68,75,79,59,0.026,"gleba szara bardzo wilgotna"
64,79,79,63,0,"gleba szara bardzo wilgotna"
68,79,79,67,0,"gleba szara bardzo wilgotna"
64,75,79,59,0.026,"gleba szara bardzo wilgotna"
68,79,79,59,0,"gleba szara bardzo wilgotna"
64,75,79,59,0.026,"gleba szara bardzo wilgotna"
68,79,83,63,0.025,"gleba szara bardzo wilgotna"
64,75,79,63,0.026,"gleba szara bardzo wilgotna"
76,116,122,96,0.025,"gleba czerwona"
71,112,122,99,0.043,"gleba czerwona"
76,91,91,70,0,"gleba szara wilgotna"
76,83,87,70,0.024,"gleba szara wilgotna"
68,83,87,70,0.024,"gleba szara wilgotna"
71,91,87,70,-0.022,"gleba szara wilgotna"
67,75,81,58,0.038,"gleba szara bardzo wilgotna"
63,75,77,58,0.013,"gleba szara bardzo wilgotna"
67,83,85,67,0.012,"gleba szara bardzo wilgotna"
84,103,104,83,0.005,"gleba szara wilgotna"
79,95,93,75,-0.011,"gleba szara wilgotna"
79,87,85,67,-0.012,"gleba szara bardzo wilgotna"
71,87,85,67,-0.012,"gleba szara bardzo wilgotna"
67,79,77,62,-0.013,"gleba szara bardzo wilgotna"
67,75,77,62,0.013,"gleba szara bardzo wilgotna"
67,75,81,62,0.038,"gleba szara bardzo wilgotna"
75,111,123,100,0.051,"gleba czerwona"
67,107,118,96,0.049,"gleba czerwona"
71,79,85,67,0.037,"gleba szara bardzo wilgotna"
67,72,74,58,0.014,"gleba szara bardzo wilgotna"
67,72,74,58,0.014,"gleba szara bardzo wilgotna"
79,95,100,79,0.026,"gleba szara wilgotna"
70,79,80,66,0.006,"gleba szara bardzo wilgotna"
63,71,73,59,0.014,"gleba szara bardzo wilgotna"
82,100,104,81,0.02,"gleba szara wilgotna"
66,79,84,66,0.031,"gleba szara bardzo wilgotna"
70,75,76,59,0.007,"gleba szara bardzo wilgotna"
63,75,76,63,0.007,"gleba szara bardzo wilgotna"
63,79,84,63,0.031,"gleba szara bardzo wilgotna"
66,75,84,63,0.057,"gleba szara bardzo wilgotna"
63,71,88,70,0.107,"roslinnosc na sciernisku"
63,63,88,74,0.166,"roslinnosc na sciernisku"
66,79,80,66,0.006,"gleba szara bardzo wilgotna"
78,113,117,96,0.017,"gleba czerwona"
70,113,127,96,0.058,"gleba czerwona"
66,113,122,100,0.038,"gleba czerwona"
74,83,96,74,0.073,"gleba szara bardzo wilgotna"
66,71,73,59,0.014,"gleba szara bardzo wilgotna"
70,83,88,70,0.029,"gleba szara wilgotna"
74,91,92,78,0.005,"gleba szara wilgotna"
67,81,86,64,0.03,"gleba szara bardzo wilgotna"
63,77,82,60,0.031,"gleba szara bardzo wilgotna"
87,99,105,83,0.029,"gleba szara wilgotna"
75,91,97,72,0.032,"gleba szara wilgotna"
75,81,86,64,0.03,"gleba szara bardzo wilgotna"
67,70,90,64,0.125,"gleba szara bardzo wilgotna"
67,77,82,64,0.031,"gleba szara bardzo wilgotna"
63,70,82,68,0.079,"roslinnosc na sciernisku"
59,57,97,86,0.26,"roslinnosc na sciernisku"
59,57,97,86,0.26,"roslinnosc na sciernisku"
59,57,97,86,0.26,"roslinnosc na sciernisku"
67,77,79,60,0.013,"gleba szara bardzo wilgotna"
67,77,82,64,0.031,"gleba szara bardzo wilgotna"
71,108,124,98,0.069,"gleba czerwona"
67,112,124,98,0.051,"gleba czerwona"
67,112,124,98,0.051,"gleba czerwona"
63,108,124,101,0.069,"gleba czerwona"
63,66,68,53,0.015,"gleba szara bardzo wilgotna"
63,70,72,60,0.014,"gleba szara bardzo wilgotna"
67,70,75,57,0.034,"gleba szara bardzo wilgotna"
67,66,72,60,0.043,"gleba szara bardzo wilgotna"
75,88,90,72,0.011,"gleba szara wilgotna"
75,88,90,68,0.011,"gleba szara wilgotna"
67,79,85,65,0.037,"gleba szara bardzo wilgotna"
67,79,82,65,0.019,"gleba szara bardzo wilgotna"
74,92,93,76,0.005,"gleba szara bardzo wilgotna"
82,97,101,83,0.02,"gleba szara wilgotna"
82,97,105,80,0.04,"gleba szara wilgotna"
82,88,101,76,0.069,"gleba szara bardzo wilgotna"
74,84,101,83,0.092,"gleba szara bardzo wilgotna"
67,75,85,62,0.062,"gleba szara bardzo wilgotna"
60,60,85,76,0.172,"roslinnosc na sciernisku"
63,120,124,101,0.016,"gleba czerwona"
63,115,124,101,0.038,"gleba czerwona"
67,115,129,104,0.057,"gleba czerwona"
63,67,70,58,0.022,"gleba szara bardzo wilgotna"
63,75,82,65,0.045,"gleba szara bardzo wilgotna"
70,88,85,65,-0.017,"gleba szara wilgotna"
76,89,90,68,0.006,"gleba szara wilgotna"
68,77,74,61,-0.02,"gleba szara bardzo wilgotna"
84,102,98,83,-0.02,"gleba szara wilgotna"
84,102,102,79,0,"gleba szara wilgotna"
72,81,90,65,0.053,"gleba szara bardzo wilgotna"
68,69,86,68,0.11,"gleba szara bardzo wilgotna"
76,89,98,79,0.048,"gleba szara bardzo wilgotna"
57,55,86,76,0.22,"roslinnosc na sciernisku"
57,59,74,68,0.113,"roslinnosc na sciernisku"
72,115,120,98,0.021,"gleba czerwona"
68,111,120,98,0.039,"gleba czerwona"
68,73,82,65,0.058,"gleba szara bardzo wilgotna"
64,75,79,59,0.026,"gleba szara bardzo wilgotna"
76,91,96,74,0.027,"gleba szara wilgotna"
80,99,104,81,0.025,"gleba szara"
80,99,104,78,0.025,"gleba szara"
71,79,83,63,0.025,"gleba szara bardzo wilgotna"
60,61,83,70,0.153,"roslinnosc na sciernisku"
56,57,83,70,0.186,"roslinnosc na sciernisku"
56,64,83,67,0.129,"roslinnosc na sciernisku"
68,112,118,96,0.026,"gleba czerwona"
68,112,128,96,0.067,"gleba czerwona"
68,75,79,63,0.026,"gleba szara bardzo wilgotna"
71,75,79,59,0.026,"gleba szara bardzo wilgotna"
75,83,89,71,0.035,"gleba szara wilgotna"
67,75,77,62,0.013,"gleba szara bardzo wilgotna"
84,95,100,79,0.026,"gleba szara wilgotna"
84,95,100,75,0.026,"gleba szara wilgotna"
75,91,89,71,-0.011,"gleba szara bardzo wilgotna"
71,79,85,67,0.037,"gleba szara bardzo wilgotna"
59,58,81,71,0.165,"roslinnosc na sciernisku"
55,54,85,71,0.223,"roslinnosc na sciernisku"
59,61,81,67,0.141,"roslinnosc na sciernisku"
71,111,123,96,0.051,"gleba czerwona"
71,116,123,100,0.029,"gleba czerwona"
67,111,123,100,0.051,"gleba czerwona"
67,111,123,100,0.051,"gleba czerwona"
71,111,128,100,0.071,"gleba czerwona"
71,116,123,100,0.029,"gleba czerwona"
63,75,81,62,0.038,"gleba szara bardzo wilgotna"
67,72,77,62,0.034,"gleba szara bardzo wilgotna"
67,68,74,58,0.042,"gleba szara bardzo wilgotna"
63,68,67,58,-0.007,"gleba szara bardzo wilgotna"
67,79,81,62,0.013,"gleba szara bardzo wilgotna"
74,87,88,70,0.006,"gleba szara wilgotna"
66,79,88,63,0.054,"gleba szara bardzo wilgotna"
56,49,80,66,0.24,"roslinnosc na sciernisku"
82,100,104,85,0.02,"gleba szara"
82,100,104,85,0.02,"gleba szara"
78,91,92,74,0.005,"gleba szara"
52,56,69,55,0.104,"roslinnosc na sciernisku"
56,60,73,59,0.098,"roslinnosc na sciernisku"
59,60,76,66,0.118,"roslinnosc na sciernisku"
56,53,84,74,0.226,"roslinnosc na sciernisku"
63,87,92,81,0.028,"gleba czerwona"
66,104,112,92,0.037,"gleba czerwona"
66,109,117,96,0.035,"gleba czerwona"
66,109,122,100,0.056,"gleba czerwona"
66,113,122,100,0.038,"gleba czerwona"
63,63,66,55,0.023,"gleba szara bardzo wilgotna"
63,67,73,59,0.043,"gleba szara bardzo wilgotna"
70,79,84,66,0.031,"gleba szara bardzo wilgotna"
71,88,93,72,0.028,"gleba szara bardzo wilgotna"
59,54,82,75,0.206,"roslinnosc na sciernisku"
63,66,68,34,0.015,"roslinnosc na sciernisku"
49,54,68,53,0.115,"roslinnosc na sciernisku"
52,51,82,75,0.233,"roslinnosc na sciernisku"
71,112,130,101,0.074,"gleba czerwona"
63,66,68,57,0.015,"gleba szara bardzo wilgotna"
63,66,68,57,0.015,"gleba szara bardzo wilgotna"
67,70,75,57,0.034,"gleba szara bardzo wilgotna"
78,92,93,73,0.005,"gleba szara wilgotna"
67,84,85,62,0.006,"gleba szara bardzo wilgotna"
60,60,85,80,0.172,"roslinnosc na sciernisku"
67,67,78,65,0.076,"gleba szara bardzo wilgotna"
82,92,101,76,0.047,"gleba szara bardzo wilgotna"
50,53,74,58,0.165,"roslinnosc na sciernisku"
53,56,82,69,0.188,"roslinnosc na sciernisku"
67,111,119,94,0.035,"gleba czerwona"
63,111,124,101,0.055,"gleba czerwona"
67,115,129,101,0.057,"gleba czerwona"
67,111,119,94,0.035,"gleba czerwona"
70,97,105,87,0.04,"gleba czerwona"
63,67,70,58,0.022,"gleba szara bardzo wilgotna"
63,71,74,58,0.021,"gleba szara bardzo wilgotna"
60,67,67,58,0,"gleba szara bardzo wilgotna"
76,89,94,68,0.027,"gleba szara wilgotna"
72,85,86,68,0.006,"gleba szara wilgotna"
68,85,82,65,-0.018,"gleba szara bardzo wilgotna"
64,77,82,65,0.031,"gleba szara bardzo wilgotna"
68,81,82,65,0.006,"gleba szara bardzo wilgotna"
64,66,90,79,0.154,"roslinnosc na sciernisku"
76,85,90,61,0.029,"gleba szara"
53,52,71,57,0.154,"roslinnosc na sciernisku"
57,55,74,61,0.147,"roslinnosc na sciernisku"
68,111,115,98,0.018,"gleba czerwona"
68,111,120,98,0.039,"gleba czerwona"
68,111,115,98,0.018,"gleba czerwona"
64,106,125,98,0.082,"gleba czerwona"
64,111,125,102,0.059,"gleba czerwona"
72,115,120,102,0.021,"gleba czerwona"
68,111,120,98,0.039,"gleba czerwona"
68,106,115,94,0.041,"gleba czerwona"
64,89,98,79,0.048,"gleba czerwona"
60,69,74,54,0.035,"gleba szara bardzo wilgotna"
60,69,71,57,0.014,"gleba szara bardzo wilgotna"
64,62,67,57,0.039,"gleba szara bardzo wilgotna"
76,91,96,70,0.027,"gleba szara wilgotna"
68,79,83,63,0.025,"gleba szara bardzo wilgotna"
68,83,83,67,0,"gleba szara bardzo wilgotna"
68,83,87,67,0.024,"gleba szara bardzo wilgotna"
80,95,100,81,0.026,"gleba szara wilgotna"
76,83,96,81,0.073,"roslinnosc na sciernisku"
60,61,75,70,0.103,"roslinnosc na sciernisku"
71,83,87,59,0.024,"gleba szara"
53,54,75,59,0.163,"roslinnosc na sciernisku"
56,57,79,63,0.162,"roslinnosc na sciernisku"
53,54,75,67,0.163,"roslinnosc na sciernisku"
68,112,122,99,0.043,"gleba czerwona"
64,116,122,99,0.025,"gleba czerwona"
64,112,128,96,0.067,"gleba czerwona"
64,112,122,96,0.043,"gleba czerwona"
60,107,122,96,0.066,"gleba czerwona"
64,107,118,99,0.049,"gleba czerwona"
60,61,67,56,0.047,"gleba szara bardzo wilgotna"
64,64,71,56,0.052,"gleba szara bardzo wilgotna"
60,68,67,56,-0.007,"gleba szara bardzo wilgotna"
75,83,89,71,0.035,"gleba szara wilgotna"
75,87,93,67,0.033,"gleba szara wilgotna"
67,79,85,62,0.037,"gleba szara bardzo wilgotna"
71,79,85,62,0.037,"gleba szara bardzo wilgotna"
79,91,96,79,0.027,"gleba szara wilgotna"
79,91,96,75,0.027,"gleba szara wilgotna"
75,79,89,75,0.06,"roslinnosc na sciernisku"
79,91,96,75,0.027,"gleba szara bardzo wilgotna"
84,107,113,87,0.027,"gleba szara"
55,54,81,71,0.2,"roslinnosc na sciernisku"
55,68,89,71,0.134,"roslinnosc na sciernisku"
71,103,109,87,0.028,"gleba czerwona"
71,107,123,100,0.07,"gleba czerwona"
67,107,118,96,0.049,"gleba czerwona"
71,111,123,100,0.051,"gleba czerwona"
71,107,118,96,0.049,"gleba czerwona"
67,103,113,96,0.046,"gleba czerwona"
71,111,123,104,0.051,"gleba czerwona"
67,111,123,96,0.051,"gleba czerwona"
71,107,118,96,0.049,"gleba czerwona"
71,107,118,96,0.049,"gleba czerwona"
71,111,118,100,0.031,"gleba czerwona"
59,64,67,54,0.023,"gleba szara bardzo wilgotna"
63,64,70,58,0.045,"gleba szara bardzo wilgotna"
78,87,96,70,0.049,"gleba szara wilgotna"
78,91,88,70,-0.017,"gleba szara wilgotna"
78,96,92,74,-0.021,"gleba szara wilgotna"
66,79,80,63,0.006,"gleba szara bardzo wilgotna"
82,91,100,78,0.047,"gleba szara wilgotna"
56,63,88,78,0.166,"roslinnosc na sciernisku"
63,87,96,74,0.049,"gleba czerwona"
66,104,108,89,0.019,"gleba czerwona"
70,109,122,100,0.056,"gleba czerwona"
66,113,127,103,0.058,"gleba czerwona"
66,113,117,100,0.017,"gleba czerwona"
63,67,66,55,-0.008,"gleba szara bardzo wilgotna"
63,67,69,59,0.015,"gleba szara bardzo wilgotna"
79,88,97,72,0.049,"gleba szara wilgotna"
75,91,97,79,0.032,"gleba szara wilgotna"
79,95,101,79,0.031,"gleba szara wilgotna"
79,95,105,83,0.05,"gleba szara bardzo wilgotna"
63,66,68,49,0.015,"roslinnosc na sciernisku"
56,54,72,57,0.143,"roslinnosc na sciernisku"
75,91,105,86,0.071,"gleba szara"
67,99,101,83,0.01,"gleba czerwona"
63,112,119,94,0.03,"gleba czerwona"
63,108,114,94,0.027,"gleba czerwona"
63,103,119,94,0.072,"gleba czerwona"
63,108,119,98,0.048,"gleba czerwona"
63,108,119,98,0.048,"gleba czerwona"
67,112,124,101,0.051,"gleba czerwona"
67,112,130,98,0.074,"gleba czerwona"
67,108,119,98,0.048,"gleba czerwona"
63,99,110,94,0.053,"gleba czerwona"
78,88,97,69,0.049,"gleba szara wilgotna"
82,88,97,69,0.049,"gleba szara wilgotna"
70,79,93,65,0.081,"gleba szara bardzo wilgotna"
67,75,82,62,0.045,"gleba szara bardzo wilgotna"
74,79,89,73,0.06,"gleba szara bardzo wilgotna"
60,67,78,62,0.076,"roslinnosc na sciernisku"
70,79,85,73,0.037,"gleba szara bardzo wilgotna"
70,84,89,69,0.029,"gleba szara bardzo wilgotna"
82,102,114,90,0.056,"gleba szara"
74,92,97,80,0.026,"gleba szara"
60,63,74,55,0.08,"roslinnosc na sciernisku"
60,60,93,80,0.216,"roslinnosc na sciernisku"
70,84,101,87,0.092,"roslinnosc na sciernisku"
89,106,114,94,0.036,"gleba szara"
82,120,124,101,0.016,"gleba czerwona"
67,97,110,87,0.063,"gleba czerwona"
63,106,114,94,0.036,"gleba czerwona"
67,106,114,97,0.036,"gleba czerwona"
67,111,124,97,0.055,"gleba czerwona"
60,71,74,58,0.021,"gleba szara bardzo wilgotna"
63,71,74,58,0.021,"gleba szara bardzo wilgotna"
80,94,94,72,0,"gleba szara wilgotna"
76,89,86,68,-0.017,"gleba szara wilgotna"
64,69,86,72,0.11,"roslinnosc na sciernisku"
72,85,86,72,0.006,"gleba szara bardzo wilgotna"
72,94,98,76,0.021,"gleba szara bardzo wilgotna"
80,102,111,87,0.042,"gleba szara"
80,94,102,83,0.041,"gleba szara"
60,66,98,83,0.195,"roslinnosc na sciernisku"
84,106,111,91,0.023,"gleba szara"
92,115,120,102,0.021,"gleba szara"
97,115,125,102,0.042,"gleba czerwona"
80,106,106,91,0,"gleba czerwona"
68,106,115,91,0.041,"gleba czerwona"
64,106,115,98,0.041,"gleba czerwona"
64,102,115,94,0.06,"gleba czerwona"
64,106,120,94,0.062,"gleba czerwona"
64,102,115,98,0.06,"gleba czerwona"
68,111,131,102,0.083,"gleba czerwona"
72,111,120,98,0.039,"gleba czerwona"
68,89,102,79,0.068,"gleba czerwona"
76,95,91,74,-0.022,"gleba szara wilgotna"
71,87,87,70,0,"gleba szara wilgotna"
76,87,91,70,0.022,"gleba szara wilgotna"
76,87,87,70,0,"gleba szara wilgotna"
76,87,91,70,0.022,"gleba szara wilgotna"
64,71,79,63,0.053,"gleba szara bardzo wilgotna"
80,99,104,78,0.025,"gleba szara bardzo wilgotna"
71,75,83,59,0.051,"roslinnosc na sciernisku"
80,99,108,88,0.043,"gleba szara"
84,112,118,96,0.026,"gleba szara"
97,121,128,103,0.028,"gleba czerwona"
92,103,108,81,0.024,"gleba czerwona"
80,87,96,81,0.049,"gleba czerwona"
56,91,104,81,0.067,"gleba czerwona"
64,103,113,92,0.046,"gleba czerwona"
64,107,122,92,0.066,"gleba czerwona"
64,103,113,92,0.046,"gleba czerwona"
68,112,122,96,0.043,"gleba czerwona"
68,107,122,96,0.066,"gleba czerwona"
76,112,118,96,0.026,"gleba czerwona"
75,83,89,67,0.035,"gleba szara wilgotna"
75,87,89,67,0.011,"gleba szara wilgotna"
67,79,81,62,0.013,"gleba szara bardzo wilgotna"
71,83,81,67,-0.012,"gleba szara bardzo wilgotna"
63,61,74,54,0.096,"roslinnosc na sciernisku"
75,87,89,75,0.011,"gleba szara bardzo wilgotna"
88,107,113,92,0.027,"gleba szara"
75,99,109,83,0.048,"gleba szara"
75,107,113,92,0.027,"gleba szara"
71,107,118,96,0.049,"gleba czerwona"
63,99,113,92,0.066,"gleba czerwona"
59,99,113,92,0.066,"gleba czerwona"
59,103,118,92,0.068,"gleba czerwona"
67,103,118,96,0.068,"gleba czerwona"
67,99,118,92,0.088,"gleba czerwona"
71,111,118,96,0.031,"gleba czerwona"
63,107,118,100,0.049,"gleba czerwona"
67,107,118,96,0.049,"gleba czerwona"
71,107,118,96,0.049,"gleba czerwona"
75,111,118,100,0.031,"gleba czerwona"
71,107,118,96,0.049,"gleba czerwona"
67,99,109,83,0.048,"gleba czerwona"
74,87,92,66,0.028,"gleba szara wilgotna"
70,83,84,70,0.006,"gleba szara wilgotna"
63,60,80,59,0.143,"roslinnosc na sciernisku"
90,113,127,96,0.058,"gleba szara"
82,109,112,92,0.014,"gleba czerwona"
66,109,117,96,0.035,"gleba czerwona"
66,113,117,96,0.017,"gleba czerwona"
74,113,117,96,0.017,"gleba czerwona"
67,73,79,57,0.039,"gleba szara bardzo wilgotna"
63,73,75,57,0.014,"gleba szara bardzo wilgotna"
83,91,101,83,0.052,"gleba szara bardzo wilgotna"
83,99,105,86,0.029,"gleba szara"
83,112,124,94,0.051,"gleba szara"
59,95,110,90,0.073,"gleba czerwona"
59,103,119,94,0.072,"gleba czerwona"
63,103,110,90,0.033,"gleba czerwona"
59,88,110,90,0.111,"gleba czerwona"
63,99,101,86,0.01,"gleba czerwona"
67,95,101,83,0.031,"gleba czerwona"
67,99,114,86,0.07,"gleba czerwona"
67,103,110,94,0.033,"gleba czerwona"
63,108,119,94,0.048,"gleba czerwona"
63,112,114,94,0.009,"gleba czerwona"
67,108,119,101,0.048,"gleba czerwona"
67,108,119,98,0.048,"gleba czerwona"
71,112,119,98,0.03,"gleba czerwona"
63,75,78,55,0.02,"gleba szara bardzo wilgotna"
63,71,74,58,0.021,"gleba szara bardzo wilgotna"
63,71,74,58,0.021,"gleba szara bardzo wilgotna"
70,88,93,73,0.028,"gleba szara bardzo wilgotna"
82,102,105,87,0.014,"gleba szara"
93,120,119,97,-0.004,"gleba szara"
93,120,129,101,0.036,"gleba szara"
85,106,114,94,0.036,"gleba szara"
60,97,114,94,0.081,"gleba czerwona"
63,102,114,87,0.056,"gleba czerwona"
67,111,124,94,0.055,"gleba czerwona"
64,73,74,61,0.007,"gleba szara bardzo wilgotna"
68,69,74,57,0.035,"gleba szara bardzo wilgotna"
72,81,86,68,0.03,"gleba szara bardzo wilgotna"
76,85,90,68,0.029,"gleba szara bardzo wilgotna"
80,94,102,83,0.041,"gleba szara bardzo wilgotna"
88,115,120,102,0.021,"gleba szara"
80,111,115,94,0.018,"gleba czerwona"
64,98,111,91,0.062,"gleba czerwona"
57,81,90,76,0.053,"gleba czerwona"
57,85,98,83,0.071,"gleba czerwona"
53,81,102,83,0.115,"gleba czerwona"
53,85,94,83,0.05,"gleba czerwona"
53,85,102,83,0.091,"gleba czerwona"
60,106,115,98,0.041,"gleba czerwona"
64,106,120,98,0.062,"gleba czerwona"
64,102,115,94,0.06,"gleba czerwona"
64,106,115,94,0.041,"gleba czerwona"
68,106,115,94,0.041,"gleba czerwona"
64,111,120,94,0.039,"gleba czerwona"
68,111,120,94,0.039,"gleba czerwona"
64,71,67,56,-0.029,"gleba szara bardzo wilgotna"
68,71,75,56,0.027,"gleba szara bardzo wilgotna"
64,75,79,56,0.026,"gleba szara bardzo wilgotna"
76,83,96,78,0.073,"gleba szara bardzo wilgotna"
76,112,118,92,0.026,"gleba czerwona"
71,103,108,88,0.024,"gleba czerwona"
56,79,91,78,0.071,"gleba czerwona"
53,79,96,78,0.097,"gleba czerwona"
53,95,108,85,0.064,"gleba czerwona"
46,79,87,78,0.048,"gleba czerwona"
64,107,118,96,0.049,"gleba czerwona"
71,107,118,96,0.049,"gleba czerwona"
76,112,122,99,0.043,"gleba czerwona"
79,87,96,79,0.049,"gleba szara bardzo wilgotna"
88,121,123,100,0.008,"gleba szara"
67,99,113,87,0.066,"gleba czerwona"
51,79,100,79,0.117,"gleba czerwona"
51,75,93,79,0.107,"gleba czerwona"
55,72,93,71,0.127,"gleba czerwona"
59,79,93,75,0.081,"gleba czerwona"
55,79,93,75,0.081,"gleba czerwona"
67,107,118,96,0.049,"gleba czerwona"
71,107,118,96,0.049,"gleba czerwona"
67,107,118,96,0.049,"gleba czerwona"
67,111,123,96,0.051,"gleba czerwona"
63,67,69,55,0.015,"gleba szara bardzo wilgotna"
86,104,108,89,0.019,"gleba szara"
66,71,84,78,0.084,"gleba szara bardzo wilgotna"
74,83,88,78,0.029,"gleba szara bardzo wilgotna"
63,87,100,81,0.07,"gleba czerwona"
52,71,84,78,0.084,"gleba czerwona"
49,75,88,78,0.08,"gleba czerwona"
56,83,104,85,0.112,"gleba czerwona"
59,91,104,85,0.067,"gleba czerwona"
56,79,96,78,0.097,"gleba czerwona"
52,79,96,78,0.097,"gleba czerwona"
66,96,112,92,0.077,"gleba czerwona"
70,109,122,96,0.056,"gleba czerwona"
63,109,122,96,0.056,"gleba czerwona"
63,66,68,57,0.015,"gleba szara bardzo wilgotna"
67,73,68,57,-0.035,"gleba szara bardzo wilgotna"
67,77,82,64,0.031,"gleba szara bardzo wilgotna"
75,88,90,72,0.011,"gleba szara bardzo wilgotna"
71,77,86,72,0.055,"gleba szara bardzo wilgotna"
71,73,86,68,0.082,"gleba szara bardzo wilgotna"
87,103,114,90,0.051,"gleba szara bardzo wilgotna"
63,95,105,86,0.05,"gleba czerwona"
52,77,90,75,0.078,"gleba czerwona"
52,70,90,75,0.125,"gleba czerwona"
56,70,82,72,0.079,"gleba czerwona"
49,73,90,75,0.104,"gleba czerwona"
56,81,93,83,0.069,"gleba czerwona"
56,88,105,83,0.088,"gleba czerwona"
56,84,97,79,0.072,"gleba czerwona"
63,95,101,86,0.031,"gleba czerwona"
67,99,110,86,0.053,"gleba czerwona"
67,99,114,86,0.07,"gleba czerwona"
63,108,124,98,0.069,"gleba czerwona"
67,108,124,94,0.069,"gleba czerwona"
67,103,119,90,0.072,"gleba czerwona"
63,71,74,55,0.021,"gleba szara bardzo wilgotna"
85,102,110,87,0.038,"gleba szara"
85,106,110,87,0.019,"gleba szara"
89,106,114,94,0.036,"gleba szara"
78,88,97,83,0.049,"gleba szara bardzo wilgotna"
85,106,114,94,0.036,"gleba szara"
50,71,93,76,0.134,"gleba czerwona"
47,67,89,73,0.141,"gleba czerwona"
50,71,89,76,0.112,"gleba czerwona"
53,71,78,73,0.047,"gleba czerwona"
50,79,97,80,0.102,"gleba czerwona"
53,84,97,83,0.072,"gleba czerwona"
53,88,105,83,0.088,"gleba czerwona"
53,84,101,80,0.092,"gleba czerwona"
53,88,97,80,0.049,"gleba czerwona"
57,88,105,87,0.088,"gleba czerwona"
60,92,105,87,0.066,"gleba czerwona"
60,97,101,83,0.02,"gleba czerwona"
63,111,119,97,0.035,"gleba czerwona"
67,106,119,97,0.058,"gleba czerwona"
63,92,105,80,0.066,"gleba czerwona"
63,102,110,94,0.038,"gleba czerwona"
63,102,114,87,0.056,"gleba czerwona"
67,92,110,90,0.089,"roslinnosc na sciernisku"
80,89,94,72,0.027,"gleba szara bardzo wilgotna"
80,89,94,76,0.027,"gleba szara bardzo wilgotna"
92,111,111,91,0,"gleba szara"
88,106,115,87,0.041,"gleba szara"
88,106,106,87,0,"gleba szara"
92,102,115,87,0.06,"gleba szara"
88,98,106,79,0.039,"gleba szara"
72,81,82,65,0.006,"gleba szara bardzo wilgotna"
64,73,78,65,0.033,"gleba szara bardzo wilgotna"
60,66,78,61,0.083,"gleba szara bardzo wilgotna"
84,106,111,94,0.023,"gleba szara"
57,94,111,87,0.083,"gleba czerwona"
53,66,82,76,0.108,"gleba czerwona"
57,77,98,76,0.12,"gleba czerwona"
53,85,102,79,0.091,"gleba czerwona"
53,85,98,83,0.071,"gleba czerwona"
60,94,98,83,0.021,"gleba czerwona"
72,111,120,98,0.039,"gleba czerwona"
68,89,98,83,0.048,"gleba czerwona"
60,94,111,87,0.083,"gleba czerwona"
64,98,106,87,0.039,"gleba czerwona"
68,89,115,94,0.127,"roslinnosc na sciernisku"
72,94,111,94,0.083,"roslinnosc na sciernisku"
76,89,115,94,0.127,"roslinnosc na sciernisku"
64,69,78,68,0.061,"gleba szara bardzo wilgotna"
84,103,113,81,0.046,"gleba szara"
88,107,113,88,0.027,"gleba szara"
84,103,104,81,0.005,"gleba szara"
60,95,108,88,0.064,"gleba czerwona"
50,83,104,85,0.112,"gleba czerwona"
53,61,79,67,0.129,"gleba czerwona"
53,75,87,74,0.074,"gleba czerwona"
56,87,104,85,0.089,"gleba czerwona"
56,87,100,78,0.07,"gleba czerwona"
60,91,104,85,0.067,"gleba czerwona"
60,95,113,92,0.087,"gleba czerwona"
46,48,96,103,0.333,"uprawa bawelny"
43,34,118,132,0.553,"uprawa bawelny"
46,48,108,107,0.385,"uprawa bawelny"
53,75,104,92,0.162,"uprawa bawelny"
60,99,104,85,0.025,"roslinnosc na sciernisku"
56,57,71,67,0.109,"roslinnosc na sciernisku"
56,61,71,67,0.076,"roslinnosc na sciernisku"
88,103,104,87,0.005,"gleba szara"
88,103,109,83,0.028,"gleba szara"
88,107,109,87,0.009,"gleba szara"
84,99,100,79,0.005,"gleba szara"
93,107,109,87,0.009,"gleba szara"
84,99,100,79,0.005,"gleba szara"
67,75,81,62,0.038,"gleba szara bardzo wilgotna"
75,83,96,79,0.073,"gleba szara bardzo wilgotna"
84,103,113,92,0.046,"gleba szara"
84,107,118,96,0.049,"gleba szara"
51,87,100,87,0.07,"gleba czerwona"
51,83,104,83,0.112,"gleba czerwona"
59,72,85,75,0.083,"gleba czerwona"
59,95,109,87,0.069,"gleba czerwona"
63,99,113,92,0.066,"gleba czerwona"
67,95,109,87,0.069,"gleba czerwona"
63,95,109,87,0.069,"gleba czerwona"
71,111,128,100,0.071,"gleba czerwona"
63,107,118,92,0.049,"gleba czerwona"
51,45,113,125,0.43,"uprawa bawelny"
48,34,113,125,0.537,"uprawa bawelny"
51,58,113,104,0.322,"uprawa bawelny"
63,95,104,83,0.045,"roslinnosc na sciernisku"
90,104,108,85,0.019,"gleba szara"
90,100,100,81,0,"gleba szara"
86,100,104,81,0.02,"gleba szara"
90,104,112,89,0.037,"gleba szara"
86,104,104,85,0,"gleba szara"
82,96,100,78,0.02,"gleba szara"
82,96,100,78,0.02,"gleba szara"
78,100,112,92,0.057,"gleba szara"
49,83,96,81,0.073,"gleba czerwona"
49,71,88,78,0.107,"gleba czerwona"
49,67,80,70,0.088,"gleba czerwona"
52,71,80,74,0.06,"gleba czerwona"
56,75,88,74,0.08,"gleba czerwona"
56,79,88,81,0.054,"gleba czerwona"
59,87,104,85,0.089,"gleba czerwona"
63,96,112,89,0.077,"gleba czerwona"
63,96,108,89,0.059,"gleba czerwona"
63,96,112,89,0.077,"gleba czerwona"
70,113,122,96,0.038,"gleba czerwona"
46,43,112,122,0.445,"uprawa bawelny"
66,91,112,89,0.103,"roslinnosc na sciernisku"
52,53,76,74,0.178,"roslinnosc na sciernisku"
83,95,101,83,0.031,"gleba szara"
92,103,105,86,0.01,"gleba szara"
67,99,114,90,0.07,"gleba czerwona"
46,73,90,75,0.104,"gleba czerwona"
49,70,82,72,0.079,"gleba czerwona"
59,84,93,83,0.051,"gleba czerwona"
56,81,93,79,0.069,"gleba czerwona"
56,81,93,79,0.069,"gleba czerwona"
63,103,114,90,0.051,"gleba czerwona"
63,103,119,90,0.072,"gleba czerwona"
56,84,105,86,0.111,"gleba czerwona"
67,99,110,94,0.053,"gleba czerwona"
63,103,119,94,0.072,"gleba czerwona"
71,112,124,101,0.051,"gleba czerwona"
56,70,110,98,0.222,"gleba czerwona"
49,51,101,101,0.329,"uprawa bawelny"
67,84,105,94,0.111,"roslinnosc na sciernisku"
59,60,72,72,0.091,"roslinnosc na sciernisku"
85,97,101,80,0.02,"gleba szara"
93,106,114,94,0.036,"gleba szara"
89,102,110,87,0.038,"gleba szara"
53,88,101,83,0.069,"gleba czerwona"
50,79,89,76,0.06,"gleba czerwona"
50,71,85,73,0.09,"gleba czerwona"
50,79,93,80,0.081,"gleba czerwona"
53,79,89,76,0.06,"gleba czerwona"
57,79,93,80,0.081,"gleba czerwona"
57,88,101,83,0.069,"gleba czerwona"
57,88,101,83,0.069,"gleba czerwona"
60,75,93,83,0.107,"gleba czerwona"
57,88,105,87,0.088,"gleba czerwona"
60,97,105,87,0.04,"gleba czerwona"
63,97,114,90,0.081,"gleba czerwona"
67,106,119,97,0.058,"gleba czerwona"
47,40,105,122,0.448,"uprawa bawelny"
44,29,114,133,0.594,"uprawa bawelny"
47,37,114,122,0.51,"uprawa bawelny"
78,84,93,80,0.051,"gleba szara bardzo wilgotna"
60,71,82,65,0.072,"gleba szara bardzo wilgotna"
63,67,78,69,0.076,"gleba szara bardzo wilgotna"
60,63,74,69,0.08,"gleba szara bardzo wilgotna"
84,106,111,87,0.023,"gleba szara"
92,106,111,87,0.023,"gleba szara"
88,102,106,83,0.019,"gleba szara"
84,98,102,87,0.02,"gleba szara"
53,85,102,83,0.091,"gleba czerwona"
50,73,90,76,0.104,"gleba czerwona"
50,66,82,72,0.108,"gleba czerwona"
53,69,82,72,0.086,"gleba czerwona"
53,73,94,76,0.126,"gleba czerwona"
53,73,90,76,0.104,"gleba czerwona"
53,77,94,76,0.099,"gleba czerwona"
53,77,94,79,0.099,"gleba czerwona"
68,94,115,91,0.1,"gleba czerwona"
60,85,102,83,0.091,"gleba czerwona"
64,98,115,91,0.08,"gleba czerwona"
64,98,111,91,0.062,"gleba czerwona"
53,89,106,87,0.087,"gleba czerwona"
68,111,120,98,0.039,"gleba czerwona"
68,111,125,98,0.059,"gleba czerwona"
47,31,111,131,0.563,"uprawa bawelny"
64,85,98,79,0.071,"roslinnosc na sciernisku"
64,77,106,98,0.158,"roslinnosc na sciernisku"
68,69,111,98,0.233,"roslinnosc na sciernisku"
80,95,100,78,0.026,"gleba szara"
84,103,108,88,0.024,"gleba szara"
88,99,104,88,0.025,"gleba szara"
88,99,104,85,0.025,"gleba szara"
84,99,100,81,0.005,"gleba szara"
50,75,96,78,0.123,"gleba czerwona"
50,71,87,74,0.101,"gleba czerwona"
53,75,87,78,0.074,"gleba czerwona"
53,75,87,78,0.074,"gleba czerwona"
56,68,83,67,0.099,"gleba czerwona"
53,75,91,78,0.096,"gleba czerwona"
60,79,96,85,0.097,"gleba czerwona"
68,87,96,81,0.049,"gleba czerwona"
68,91,104,88,0.067,"gleba czerwona"
60,75,91,78,0.096,"gleba czerwona"
56,87,108,85,0.108,"gleba czerwona"
56,83,100,85,0.093,"gleba czerwona"
71,107,122,103,0.066,"gleba czerwona"
64,91,104,92,0.067,"gleba czerwona"
56,61,91,85,0.197,"roslinnosc na sciernisku"
60,64,91,81,0.174,"roslinnosc na sciernisku"
60,75,96,78,0.123,"roslinnosc na sciernisku"
88,103,104,83,0.005,"gleba szara"
88,107,109,87,0.009,"gleba szara"
84,103,104,83,0.005,"gleba szara"
88,103,113,87,0.046,"gleba szara"
51,75,93,79,0.107,"gleba czerwona"
51,72,85,75,0.083,"gleba czerwona"
55,79,96,79,0.097,"gleba czerwona"
59,83,96,79,0.073,"gleba czerwona"
67,103,109,87,0.028,"gleba czerwona"
59,83,96,79,0.073,"gleba czerwona"
75,91,109,92,0.09,"gleba czerwona"
59,95,113,92,0.087,"gleba czerwona"
71,111,118,96,0.031,"gleba czerwona"
59,75,100,83,0.143,"gleba czerwona"
67,87,100,83,0.07,"gleba czerwona"
55,61,100,87,0.242,"roslinnosc na sciernisku"
55,58,96,87,0.247,"roslinnosc na sciernisku"
59,61,89,79,0.187,"roslinnosc na sciernisku"
59,61,85,75,0.164,"roslinnosc na sciernisku"
63,64,104,96,0.238,"roslinnosc na sciernisku"
79,95,96,79,0.005,"gleba szara wilgotna"
86,104,108,81,0.019,"gleba szara"
86,100,108,85,0.038,"gleba szara"
82,96,104,81,0.04,"gleba szara"
86,104,108,92,0.019,"gleba szara"
82,100,108,89,0.038,"gleba szara"
63,96,100,92,0.02,"gleba czerwona"
56,75,92,74,0.102,"gleba czerwona"
56,79,88,78,0.054,"gleba czerwona"
66,96,108,92,0.059,"gleba czerwona"
59,83,96,81,0.073,"gleba czerwona"
70,96,104,89,0.04,"gleba czerwona"
63,91,112,89,0.103,"gleba czerwona"
63,100,122,92,0.099,"gleba czerwona"
70,100,112,92,0.057,"gleba czerwona"
63,83,104,89,0.112,"gleba czerwona"
63,75,104,85,0.162,"gleba czerwona"
70,100,112,92,0.057,"gleba czerwona"
59,63,104,96,0.246,"roslinnosc na sciernisku"
59,67,88,74,0.135,"roslinnosc na sciernisku"
63,71,92,81,0.129,"roslinnosc na sciernisku"
83,95,97,79,0.01,"gleba szara"
96,112,110,94,-0.009,"gleba szara"
83,95,105,83,0.05,"gleba szara"
87,103,105,86,0.01,"gleba szara"
79,99,110,90,0.053,"gleba szara"
59,95,110,90,0.073,"gleba czerwona"
52,73,90,79,0.104,"gleba czerwona"
49,70,86,75,0.103,"gleba czerwona"
52,70,82,75,0.079,"gleba czerwona"
56,73,86,75,0.082,"gleba czerwona"
59,77,90,79,0.078,"gleba czerwona"
67,103,114,94,0.051,"gleba czerwona"
75,108,124,98,0.069,"gleba czerwona"
71,99,110,94,0.053,"gleba czerwona"
63,66,101,90,0.21,"roslinnosc na sciernisku"
59,60,97,90,0.236,"roslinnosc na sciernisku"
75,91,97,79,0.032,"gleba szara wilgotna"
79,91,97,83,0.032,"gleba szara wilgotna"
79,91,97,79,0.032,"gleba szara wilgotna"
85,97,101,83,0.02,"gleba szara"
50,71,89,76,0.112,"gleba czerwona"
50,71,89,73,0.112,"gleba czerwona"
60,84,93,80,0.051,"gleba czerwona"
63,84,97,83,0.072,"gleba czerwona"
63,79,85,80,0.037,"gleba czerwona"
60,75,89,80,0.085,"gleba czerwona"
63,92,105,87,0.066,"gleba czerwona"
70,106,119,94,0.058,"gleba czerwona"
67,106,110,90,0.019,"gleba czerwona"
67,106,124,94,0.078,"gleba czerwona"
67,106,114,94,0.036,"gleba czerwona"
70,106,119,94,0.058,"gleba czerwona"
70,111,124,97,0.055,"gleba czerwona"
74,106,114,97,0.036,"gleba czerwona"
78,97,114,97,0.081,"gleba czerwona"
60,75,101,83,0.148,"roslinnosc na sciernisku"
50,46,82,83,0.281,"roslinnosc na sciernisku"
57,67,85,76,0.118,"roslinnosc na sciernisku"
60,60,97,87,0.236,"roslinnosc na sciernisku"
84,102,102,79,0,"gleba szara"
84,98,102,79,0.02,"gleba szara"
76,94,102,79,0.041,"gleba szara"
84,102,111,91,0.042,"gleba szara"
76,94,106,91,0.06,"gleba czerwona"
57,81,102,83,0.115,"gleba czerwona"
50,73,90,76,0.104,"gleba czerwona"
53,81,102,83,0.115,"gleba czerwona"
53,77,94,76,0.099,"gleba czerwona"
53,73,98,76,0.146,"gleba czerwona"
57,77,98,79,0.12,"gleba czerwona"
64,81,98,83,0.095,"gleba czerwona"
64,94,111,91,0.083,"gleba czerwona"
60,94,111,91,0.083,"gleba czerwona"
68,106,115,94,0.041,"gleba czerwona"
68,102,115,94,0.06,"gleba czerwona"
88,115,131,102,0.065,"gleba czerwona"
88,111,120,94,0.039,"gleba czerwona"
76,89,102,76,0.068,"roslinnosc na sciernisku"
60,73,90,83,0.104,"gleba czerwona"
60,66,102,91,0.214,"roslinnosc na sciernisku"
76,89,106,87,0.087,"gleba szara wilgotna"
84,99,108,81,0.043,"gleba szara"
92,107,118,96,0.049,"gleba szara"
97,116,122,96,0.025,"gleba szara"
84,99,108,88,0.043,"gleba szara"
84,99,108,92,0.043,"gleba szara"
46,71,87,74,0.101,"gleba czerwona"
56,71,79,74,0.053,"gleba czerwona"
60,79,91,81,0.071,"gleba czerwona"
64,91,113,88,0.108,"gleba czerwona"
68,107,122,96,0.066,"gleba czerwona"
68,103,118,92,0.068,"gleba czerwona"
71,107,118,96,0.049,"gleba czerwona"
76,112,122,96,0.043,"gleba czerwona"
56,68,91,81,0.145,"roslinnosc na sciernisku"
76,95,108,88,0.064,"gleba szara wilgotna"
88,103,109,87,0.028,"gleba szara"
93,107,113,92,0.027,"gleba szara"
97,111,123,96,0.051,"gleba szara"
93,111,118,96,0.031,"gleba szara"
79,107,123,100,0.07,"gleba czerwona"
51,79,104,83,0.137,"gleba czerwona"
51,83,100,83,0.093,"gleba czerwona"
48,72,89,79,0.106,"gleba czerwona"
55,79,93,75,0.081,"gleba czerwona"
63,91,104,83,0.067,"gleba czerwona"
71,103,109,92,0.028,"gleba czerwona"
71,103,118,92,0.068,"gleba czerwona"
67,103,118,92,0.068,"gleba czerwona"
67,107,113,96,0.027,"gleba czerwona"
67,83,104,87,0.112,"gleba czerwona"
59,83,100,83,0.093,"gleba czerwona"
59,72,96,83,0.143,"roslinnosc na sciernisku"
59,75,89,75,0.085,"roslinnosc na sciernisku"
59,75,109,96,0.185,"roslinnosc na sciernisku"
75,99,104,83,0.025,"gleba szara wilgotna"
