"nazwa","norad","konstelacja","inklinacja","ekscentrycznosc","obiegi_na_dobe","wysokosc_km","okres_min","typ_orbity"
"BEIDOU-2 G4 (C04)",37210,"BeiDou",3.81,0.0006763,1.0027,35793.6,1436.1,"GEO"
"BEIDOU-2 G5 (C05)",38091,"BeiDou",3.74,0.0006052,1.0027,35793.2,1436.1,"GEO"
"BEIDOU-2 G6 (C02)",38953,"BeiDou",4.59,0.0007812,1.0027,35793,1436.1,"GEO"
"BEIDOU-2 G7 (C03)",41586,"BeiDou",1.89,0.0005685,1.0027,35792.9,1436.1,"GEO"
"BEIDOU-2 G8 (C01)",44231,"BeiDou",1.83,0.0008987,1.0027,35794.6,1436.1,"GEO"
"BEIDOU-2 IGSO-1 (C06)",36828,"BeiDou",54.31,0.0058186,1.0025,35798.8,1436.4,"GEO"
"BEIDOU-2 IGSO-2 (C07)",37256,"BeiDou",47.42,0.0057892,1.0026,35796.8,1436.3,"GEO"
"BEIDOU-2 IGSO-3 (C08)",37384,"BeiDou",62.5,0.0036994,1.0025,35799,1436.4,"GEO"
"BEIDOU-2 IGSO-4 (C09)",37763,"BeiDou",54.6,0.0160425,1.0027,35793.7,1436.1,"GEO"
"BEIDOU-2 IGSO-6 (C13)",41434,"BeiDou",60.33,0.0060671,1.0029,35789.6,1435.9,"GEO"
"BEIDOU-2 IGSO-7 (C16)",43539,"BeiDou",55.21,0.0108098,1.0028,35790.6,1435.9,"GEO"
"BEIDOU-2 M3 (C11)",38250,"BeiDou",55.7,0.0022258,1.8623,21535.3,773.2,"MEO"
"BEIDOU-2 M4 (C12)",38251,"BeiDou",55.59,0.0013753,1.8623,21535.3,773.2,"MEO"
"BEIDOU-2 M6 (C14)",38775,"BeiDou",56.61,0.0011535,1.8623,21535.2,773.2,"MEO"
"BEIDOU-3 G1 (C59)",43683,"BeiDou",2.56,0.0006858,1.0027,35793.3,1436.1,"GEO"
"BEIDOU-3 G2 (C60)",45344,"BeiDou",2.54,0.0002308,1.0027,35793.4,1436.1,"GEO"
"BEIDOU-3 G3 (C61)",45807,"BeiDou",2.61,0.0002004,1.0027,35795,1436.2,"GEO"
"BEIDOU-3 G4 (C62)",56564,"BeiDou",0.44,0.0005561,1.0027,35795,1436.2,"GEO"
"BEIDOU-3 IGSO-1 (C38)",44204,"BeiDou",58.8,0.0027053,1.0027,35793.7,1436.1,"GEO"
"BEIDOU-3 IGSO-2 (C39)",44337,"BeiDou",55.25,0.0038881,1.0028,35791.3,1436,"GEO"
"BEIDOU-3 IGSO-3 (C40)",44709,"BeiDou",54.68,0.0046912,1.0027,35794.3,1436.1,"GEO"
"BEIDOU-3 M1 (C19)",43001,"BeiDou",56.76,0.0007445,1.8623,21535.1,773.2,"MEO"
"BEIDOU-3 M10 (C30)",43246,"BeiDou",54.13,0.0002742,1.8623,21535.3,773.2,"MEO"
"BEIDOU-3 M11 (C25)",43603,"BeiDou",54.18,0.0005044,1.8623,21535.6,773.2,"MEO"
"BEIDOU-3 M12 (C26)",43602,"BeiDou",54.18,0.0008462,1.8623,21535.5,773.2,"MEO"
"BEIDOU-3 M13 (C32)",43622,"BeiDou",56.69,0.0004665,1.8623,21535.2,773.2,"MEO"
"BEIDOU-3 M14 (C33)",43623,"BeiDou",56.69,0.0004311,1.8623,21535.2,773.2,"MEO"
"BEIDOU-3 M15 (C34)",43648,"BeiDou",54.02,0.0002733,1.8623,21535.5,773.2,"MEO"
"BEIDOU-3 M16 (C35)",43647,"BeiDou",54.02,0.0006082,1.8623,21535,773.2,"MEO"
"BEIDOU-3 M17 (C36)",43706,"BeiDou",54.17,0.0009134,1.8623,21535.4,773.2,"MEO"
"BEIDOU-3 M18 (C37)",43707,"BeiDou",54.17,0.0007637,1.8623,21535.6,773.3,"MEO"
"BEIDOU-3 M19 (C41)",44864,"BeiDou",56.62,0.0015886,1.8623,21535.1,773.2,"MEO"
"BEIDOU-3 M2 (C20)",43002,"BeiDou",56.75,0.0006949,1.8623,21535.2,773.2,"MEO"
"BEIDOU-3 M20 (C42)",44865,"BeiDou",56.62,0.0013191,1.8623,21535.1,773.2,"MEO"
"BEIDOU-3 M21 (C43)",44794,"BeiDou",53.84,0.0002887,1.8623,21535.5,773.2,"MEO"
"BEIDOU-3 M22 (C44)",44793,"BeiDou",53.87,0.0004986,1.8623,21535.5,773.2,"MEO"
"BEIDOU-3 M23 (C45)",44543,"BeiDou",54.39,0.0005978,1.8623,21535.5,773.2,"MEO"
"BEIDOU-3 M24 (C46)",44542,"BeiDou",54.4,0.0009063,1.8623,21535.3,773.2,"MEO"
"BEIDOU-3 M25 (C47)",61186,"BeiDou",54.41,0.000424,1.8623,21535.3,773.2,"MEO"
"BEIDOU-3 M26 (C48)",58655,"BeiDou",55.82,7.17e-05,1.8623,21535.3,773.2,"MEO"
"BEIDOU-3 M27 (C49)",61187,"BeiDou",54.4,6.9e-05,1.8623,21535.2,773.2,"MEO"
"BEIDOU-3 M28 (C50)",58654,"BeiDou",55.81,0.0001284,1.8623,21535.3,773.2,"MEO"
"BEIDOU-3 M3 (C21)",43208,"BeiDou",56.71,0.000589,1.8623,21535.1,773.2,"MEO"
"BEIDOU-3 M4 (C22)",43207,"BeiDou",56.71,0.0006393,1.8623,21535.1,773.2,"MEO"
"BEIDOU-3 M5 (C23)",43581,"BeiDou",54.09,0.000465,1.8623,21535.4,773.2,"MEO"
"BEIDOU-3 M6 (C24)",43582,"BeiDou",54.08,0.000602,1.8623,21535.5,773.2,"MEO"
"BEIDOU-3 M7 (C27)",43107,"BeiDou",54.26,0.0003612,1.8623,21535.4,773.2,"MEO"
"BEIDOU-3 M8 (C28)",43108,"BeiDou",54.26,0.0003911,1.8623,21535.2,773.2,"MEO"
"BEIDOU-3 M9 (C29)",43245,"BeiDou",54.13,0.0001581,1.8623,21535.4,773.2,"MEO"
"BEIDOU-3S IGSO-1S (C31)",40549,"BeiDou",49.06,0.0039122,1.0029,35787.4,1435.8,"GEO"
"BEIDOU-3S IGSO-2S (C56)",40938,"BeiDou",49.15,0.0066355,1.0025,35800,1436.4,"GEO"
"BEIDOU-3S M1S (C57)",40749,"BeiDou",54.8,0.0001768,1.8625,21532.8,773.1,"MEO"
"BEIDOU-3S M2S (C58)",40748,"BeiDou",54.81,0.0011009,1.8623,21535,773.2,"MEO"
"GSAT0101 (GALILEO-PFM)",37846,"Galileo",56.97,0.0001135,1.7048,23229.1,844.7,"MEO"
"GSAT0102 (GALILEO-FM2)",37847,"Galileo",56.97,0.0001729,1.7048,23229.1,844.7,"MEO"
"GSAT0103 (GALILEO-FM3)",38857,"Galileo",55.85,0.0002662,1.7047,23229.4,844.7,"MEO"
"GSAT0201 (GALILEO 5)",40128,"Galileo",48.8,0.1683716,1.8552,21606.5,776.2,"MEO"
"GSAT0202 (GALILEO 6)",40129,"Galileo",48.82,0.168531,1.8552,21606.4,776.2,"MEO"
"GSAT0203 (GALILEO 7)",40544,"Galileo",56.77,0.0003309,1.7048,23229.1,844.7,"MEO"
"GSAT0204 (GALILEO 8)",40545,"Galileo",56.77,0.0004271,1.7048,23229.1,844.7,"MEO"
"GSAT0206 (GALILEO 10)",40890,"Galileo",54.94,0.0002187,1.7047,23229.4,844.7,"MEO"
"GSAT0207 (GALILEO 15)",41859,"Galileo",55.54,0.0003414,1.7047,23229.3,844.7,"MEO"
"GSAT0208 (GALILEO 11)",41175,"Galileo",55.87,0.0003716,1.7047,23229.4,844.7,"MEO"
"GSAT0209 (GALILEO 12)",41174,"Galileo",55.87,0.0003942,1.7047,23229.3,844.7,"MEO"
"GSAT0210 (GALILEO 13)",41550,"Galileo",55.08,0.0004656,1.7047,23229.4,844.7,"MEO"
"GSAT0211 (GALILEO 14)",41549,"Galileo",55.08,0.0003724,1.7047,23229.4,844.7,"MEO"
"GSAT0212 (GALILEO 16)",41860,"Galileo",55.54,0.0004024,1.7047,23229.3,844.7,"MEO"
"GSAT0213 (GALILEO 17)",41861,"Galileo",55.54,0.0002988,1.7047,23229.3,844.7,"MEO"
"GSAT0214 (GALILEO 18)",41862,"Galileo",55.54,0.0002009,1.7047,23229.3,844.7,"MEO"
"GSAT0215 (GALILEO 19)",43055,"Galileo",55.06,0.0003598,1.7047,23229.3,844.7,"MEO"
"GSAT0216 (GALILEO 20)",43056,"Galileo",55.07,0.0004991,1.7047,23229.3,844.7,"MEO"
"GSAT0217 (GALILEO 21)",43057,"Galileo",55.06,0.0004258,1.7047,23229.3,844.7,"MEO"
"GSAT0218 (GALILEO 22)",43058,"Galileo",55.06,0.0005474,1.7047,23229.3,844.7,"MEO"
"GSAT0219 (GALILEO 23)",43566,"Galileo",57.15,0.0002427,1.7048,23229,844.7,"MEO"
"GSAT0220 (GALILEO 24)",43567,"Galileo",57.15,0.0003732,1.7048,23229,844.7,"MEO"
"GSAT0221 (GALILEO 25)",43564,"Galileo",57.14,0.0003631,1.7048,23229,844.7,"MEO"
"GSAT0222 (GALILEO 26)",43565,"Galileo",57.15,0.0004141,1.7048,23229.1,844.7,"MEO"
"GSAT0223 (GALILEO 27)",49809,"Galileo",57.13,0.0003657,1.7048,23229,844.7,"MEO"
"GSAT0224 (GALILEO 28)",49810,"Galileo",57.14,0.0002686,1.7048,23229,844.7,"MEO"
"GSAT0225 (GALILEO 29)",59598,"Galileo",55.16,9.64e-05,1.7047,23229.3,844.7,"MEO"
"GSAT0226 (GALILEO 31)",61183,"Galileo",55.17,0.0002828,1.7047,23229.3,844.7,"MEO"
"GSAT0227 (GALILEO 30)",59600,"Galileo",55.14,0.0003345,1.7047,23229.3,844.7,"MEO"
"GSAT0232 (GALILEO 32)",61182,"Galileo",55.17,0.0006061,1.7047,23229.3,844.7,"MEO"
"GSAT0233 (GALILEO 33)",67160,"Galileo",54.37,0.0001942,1.7047,23229.3,844.7,"MEO"
"GSAT0234 (GALILEO 34)",67162,"Galileo",54.37,0.000141,1.7047,23229.3,844.7,"MEO"
"COSMOS 2432 (719)",32276,"GLONASS",65.55,0.0008097,2.131,19136.9,675.7,"MEO"
"COSMOS 2433 (720)",32275,"GLONASS",65.53,0.0004941,2.131,19136.8,675.7,"MEO"
"COSMOS 2434 (721)",32393,"GLONASS",64.32,0.0001225,2.131,19137.1,675.7,"MEO"
"COSMOS 2436 (723)",32395,"GLONASS",64.33,0.0017366,2.131,19137.2,675.7,"MEO"
"COSMOS 2456 (730)",36111,"GLONASS",65.05,0.0002132,2.131,19136.9,675.7,"MEO"
"COSMOS 2457 (733)",36112,"GLONASS",65.04,0.0005543,2.131,19137.1,675.7,"MEO"
"COSMOS 2460 (732)",36402,"GLONASS",65.38,0.0002103,2.131,19137,675.7,"MEO"
"COSMOS 2475 (743)",37869,"GLONASS",65.32,0.0024398,2.131,19137,675.7,"MEO"
"COSMOS 2476 (744)",37867,"GLONASS",65.31,0.0022131,2.131,19136.9,675.7,"MEO"
"COSMOS 2477 (745)",37868,"GLONASS",65.32,0.001917,2.131,19136.9,675.7,"MEO"
"COSMOS 2485 (747)",39155,"GLONASS",65.46,0.0022761,2.131,19136.9,675.7,"MEO"
"COSMOS 2492 (754)",39620,"GLONASS",65.25,0.0011105,2.131,19136.9,675.7,"MEO"
"COSMOS 2500 (755)",40001,"GLONASS",65.19,0.0009238,2.1311,19136.7,675.7,"MEO"
"COSMOS 2501 (702K)",40315,"GLONASS",63.62,0.0022394,2.131,19137.1,675.7,"MEO"
"COSMOS 2514 (751)",41330,"GLONASS",64.98,0.0013417,2.131,19137,675.7,"MEO"
"COSMOS 2522 (752)",42939,"GLONASS",64.08,0.0010238,2.131,19137,675.7,"MEO"
"COSMOS 2527 (756)",43508,"GLONASS",65.62,0.0006767,2.131,19137,675.7,"MEO"
"COSMOS 2529 (757)",43687,"GLONASS",64.3,0.001123,2.131,19137,675.7,"MEO"
"COSMOS 2534 (758)",44299,"GLONASS",64.37,0.001261,2.131,19137,675.7,"MEO"
"COSMOS 2544 (759)",44850,"GLONASS",65.61,0.0011843,2.131,19136.9,675.7,"MEO"
"COSMOS 2545 (760)",45358,"GLONASS",64.31,0.0011206,2.131,19137,675.7,"MEO"
"COSMOS 2547 (705K)",46805,"GLONASS",64.6,0.0008957,2.131,19137.2,675.7,"MEO"
"COSMOS 2557 (706K)",52984,"GLONASS",64.25,0.0011862,2.131,19137,675.7,"MEO"
"COSMOS 2559 (707K)",54031,"GLONASS",64.23,0.0013487,2.131,19137,675.7,"MEO"
"COSMOS 2564 (761)",54377,"GLONASS",64.74,0.0011489,2.131,19137,675.7,"MEO"
"COSMOS 2569 (703K)",57517,"GLONASS",65.34,0.0008639,2.131,19137,675.7,"MEO"
"COSMOS 2584 (704K)",63130,"GLONASS",65.13,0.0006121,2.131,19136.9,675.7,"MEO"
"COSMOS 2596 (708K)",65590,"GLONASS",64.59,0.0012084,2.131,19137.1,675.7,"MEO"
"GPS BIIF-1  (PRN 25)",36585,"GPS",54.26,0.0128143,2.0057,20189.2,718,"MEO"
"GPS BIIF-10 (PRN 08)",40730,"GPS",53.93,0.0116405,2.0055,20190.3,718,"MEO"
"GPS BIIF-11 (PRN 10)",41019,"GPS",57,0.0114759,2.0057,20189,718,"MEO"
"GPS BIIF-12 (PRN 32)",41328,"GPS",55.57,0.0097077,2.0057,20188.5,717.9,"MEO"
"GPS BIIF-3  (PRN 24)",38833,"GPS",53.59,0.0184328,2.0056,20190,718,"MEO"
"GPS BIIF-4  (PRN 27)",39166,"GPS",54.45,0.0141813,2.0056,20189.4,718,"MEO"
"GPS BIIF-5  (PRN 30)",39533,"GPS",53.66,0.0083767,2.0056,20189.3,718,"MEO"
"GPS BIIF-6  (PRN 06)",39741,"GPS",56.46,0.0038776,2.0056,20190,718,"MEO"
"GPS BIIF-7  (PRN 09)",40105,"GPS",55.4,0.003586,2.0056,20189.4,718,"MEO"
"GPS BIIF-8  (PRN 03)",40294,"GPS",57.03,0.0067364,2.0056,20190,718,"MEO"
"GPS BIIF-9  (PRN 26)",40534,"GPS",53.16,0.0111825,2.0057,20188.6,717.9,"MEO"
"GPS BIII-1  (PRN 04)",43873,"GPS",55.73,0.0039669,2.0056,20189.3,718,"MEO"
"GPS BIII-10 (PRN 13)",68791,"GPS",54.96,0.0020814,2.0058,20188.2,717.9,"MEO"
"GPS BIII-2  (PRN 18)",44506,"GPS",55.6,0.0065213,2.0057,20188.7,717.9,"MEO"
"GPS BIII-3  (PRN 23)",45854,"GPS",56.71,0.0067247,2.0056,20189.9,718,"MEO"
"GPS BIII-4  (PRN 14)",46826,"GPS",53.97,0.0075658,2.0057,20189.2,718,"MEO"
"GPS BIII-5  (PRN 11)",48859,"GPS",55.14,0.0027922,2.0056,20189.2,718,"MEO"
"GPS BIII-6  (PRN 28)",55268,"GPS",55.13,0.0005894,2.0057,20189,718,"MEO"
"GPS BIII-7  (PRN 01)",62339,"GPS",54.81,0.0018676,2.0057,20188.5,717.9,"MEO"
"GPS BIII-8  (PRN 21)",64202,"GPS",55.28,0.0008638,2.0057,20188.7,718,"MEO"
"GPS BIII-9  (PRN 20)",67588,"GPS",55.13,0.0020833,2.0057,20188.8,718,"MEO"
"GPS BIIR-11 (PRN 19)",28190,"GPS",54.78,0.0118233,2.0055,20190.3,718,"MEO"
"GPS BIIR-13 (PRN 02)",28474,"GPS",55.09,0.017125,2.0056,20189.7,718,"MEO"
"GPS BIIR-5  (PRN 22)",26407,"GPS",54.84,0.01191,2.0056,20189.8,718,"MEO"
"GPS BIIR-8  (PRN 16)",27663,"GPS",54.87,0.0149518,2.0056,20189.9,718,"MEO"
"GPS BIIRM-1 (PRN 17)",28874,"GPS",54.83,0.0128671,2.0056,20189.6,718,"MEO"
"GPS BIIRM-2 (PRN 31)",29486,"GPS",54.71,0.0108301,2.0057,20189.1,718,"MEO"
"GPS BIIRM-3 (PRN 12)",29601,"GPS",54.93,0.008508,2.0056,20189.5,718,"MEO"
"GPS BIIRM-4 (PRN 15)",32260,"GPS",54.15,0.0168805,2.0055,20190.3,718,"MEO"
"GPS BIIRM-5 (PRN 29)",32384,"GPS",54.98,0.0036101,2.0056,20189.3,718,"MEO"
"GPS BIIRM-6 (PRN 07)",32711,"GPS",54.5,0.0211283,2.0055,20190.4,718,"MEO"
"GPS BIIRM-8 (PRN 05)",35752,"GPS",56.25,0.0052171,2.0058,20188.1,717.9,"MEO"
"IRIDIUM 100",42956,"Iridium NEXT",86.4,0.0002182,14.3422,784.8,100.4,"LEO"
"IRIDIUM 102",41920,"Iridium NEXT",86.39,0.0002143,14.3422,784.8,100.4,"LEO"
"IRIDIUM 103",41918,"Iridium NEXT",86.39,0.0002296,14.3422,784.8,100.4,"LEO"
"IRIDIUM 104",41922,"Iridium NEXT",86.39,0.0002169,14.3422,784.8,100.4,"LEO"
"IRIDIUM 105",41921,"Iridium NEXT",86.4,0.0001967,14.3422,784.8,100.4,"LEO"
"IRIDIUM 106",41917,"Iridium NEXT",86.39,0.0002331,14.3422,784.8,100.4,"LEO"
"IRIDIUM 107",42960,"Iridium NEXT",86.4,0.0002432,14.3422,784.8,100.4,"LEO"
"IRIDIUM 108",41924,"Iridium NEXT",86.4,0.0002077,14.3422,784.8,100.4,"LEO"
"IRIDIUM 109",41919,"Iridium NEXT",86.39,0.000219,14.3422,784.8,100.4,"LEO"
"IRIDIUM 110",43481,"Iridium NEXT",86.39,0.000206,14.3422,784.8,100.4,"LEO"
"IRIDIUM 111",41926,"Iridium NEXT",86.39,0.0002193,14.3422,784.8,100.4,"LEO"
"IRIDIUM 112",41925,"Iridium NEXT",86.39,0.0002132,14.3422,784.8,100.4,"LEO"
"IRIDIUM 113",42803,"Iridium NEXT",86.4,0.0002169,14.3422,784.8,100.4,"LEO"
"IRIDIUM 114",41923,"Iridium NEXT",86.39,0.0002211,14.3422,784.8,100.4,"LEO"
"IRIDIUM 115",42806,"Iridium NEXT",86.45,0.0002501,14.4328,754.8,99.8,"LEO"
"IRIDIUM 116",43072,"Iridium NEXT",86.39,0.000218,14.3422,784.8,100.4,"LEO"
"IRIDIUM 117",42808,"Iridium NEXT",86.4,0.000219,14.3422,784.8,100.4,"LEO"
"IRIDIUM 118",42807,"Iridium NEXT",86.4,0.0002108,14.3422,784.8,100.4,"LEO"
"IRIDIUM 119",42959,"Iridium NEXT",86.4,0.0002139,14.3422,784.8,100.4,"LEO"
"IRIDIUM 120",42805,"Iridium NEXT",86.39,0.0002159,14.3422,784.8,100.4,"LEO"
"IRIDIUM 121",42812,"Iridium NEXT",86.4,0.0002087,14.3422,784.8,100.4,"LEO"
"IRIDIUM 122",42957,"Iridium NEXT",86.4,0.0002252,14.3422,784.8,100.4,"LEO"
"IRIDIUM 123",42804,"Iridium NEXT",86.4,0.0002267,14.3422,784.8,100.4,"LEO"
"IRIDIUM 124",42810,"Iridium NEXT",86.44,0.0002426,14.4328,754.8,99.8,"LEO"
"IRIDIUM 125",42964,"Iridium NEXT",86.4,0.0002505,14.3422,784.8,100.4,"LEO"
"IRIDIUM 126",42809,"Iridium NEXT",86.4,0.0002222,14.3422,784.8,100.4,"LEO"
"IRIDIUM 128",42811,"Iridium NEXT",86.4,0.0002172,14.3422,784.8,100.4,"LEO"
"IRIDIUM 129",42958,"Iridium NEXT",86.4,0.00021,14.3422,784.8,100.4,"LEO"
"IRIDIUM 130",43073,"Iridium NEXT",86.4,0.000242,14.3422,784.8,100.4,"LEO"
"IRIDIUM 131",43079,"Iridium NEXT",86.4,0.0002214,14.3422,784.8,100.4,"LEO"
"IRIDIUM 132",42961,"Iridium NEXT",86.4,0.0002178,14.3422,784.8,100.4,"LEO"
"IRIDIUM 133",42955,"Iridium NEXT",86.4,0.0002184,14.3422,784.8,100.4,"LEO"
"IRIDIUM 134",43075,"Iridium NEXT",86.4,0.0002329,14.3422,784.8,100.4,"LEO"
"IRIDIUM 135",43070,"Iridium NEXT",86.4,0.0002288,14.3422,784.8,100.4,"LEO"
"IRIDIUM 136",42962,"Iridium NEXT",86.4,0.0002139,14.3422,784.8,100.4,"LEO"
"IRIDIUM 137",43076,"Iridium NEXT",86.4,0.0001901,14.3422,784.8,100.4,"LEO"
"IRIDIUM 138",43071,"Iridium NEXT",86.4,0.0002331,14.3422,784.8,100.4,"LEO"
"IRIDIUM 139",42963,"Iridium NEXT",86.4,0.0002234,14.3422,784.8,100.4,"LEO"
"IRIDIUM 140",43252,"Iridium NEXT",86.39,0.0002227,14.3422,784.8,100.4,"LEO"
"IRIDIUM 141",43077,"Iridium NEXT",86.39,0.0002259,14.3422,784.8,100.4,"LEO"
"IRIDIUM 142",43256,"Iridium NEXT",86.39,0.000216,14.3422,784.8,100.4,"LEO"
"IRIDIUM 143",43258,"Iridium NEXT",86.39,0.0002358,14.3422,784.8,100.4,"LEO"
"IRIDIUM 144",43249,"Iridium NEXT",86.39,0.0002301,14.3422,784.8,100.4,"LEO"
"IRIDIUM 145",43253,"Iridium NEXT",86.39,0.0002231,14.3422,784.8,100.4,"LEO"
"IRIDIUM 146",43254,"Iridium NEXT",86.39,0.0002216,14.3422,784.8,100.4,"LEO"
"IRIDIUM 147",43480,"Iridium NEXT",86.39,0.0002127,14.3422,784.8,100.4,"LEO"
"IRIDIUM 148",43255,"Iridium NEXT",86.39,0.0002072,14.3422,784.8,100.4,"LEO"
"IRIDIUM 149",43250,"Iridium NEXT",86.39,0.0002196,14.3422,784.8,100.4,"LEO"
"IRIDIUM 150",43257,"Iridium NEXT",86.39,0.0002346,14.3422,784.8,100.4,"LEO"
"IRIDIUM 151",43074,"Iridium NEXT",86.4,0.0002153,14.3422,784.8,100.4,"LEO"
"IRIDIUM 152",43479,"Iridium NEXT",86.39,0.0002152,14.3422,784.8,100.4,"LEO"
"IRIDIUM 153",43078,"Iridium NEXT",86.39,0.000226,14.3422,784.8,100.4,"LEO"
"IRIDIUM 154",43574,"Iridium NEXT",86.4,0.0002099,14.3422,784.8,100.4,"LEO"
"IRIDIUM 155",43573,"Iridium NEXT",86.4,0.0002233,14.3422,784.8,100.4,"LEO"
"IRIDIUM 156",43576,"Iridium NEXT",86.4,0.0002239,14.3422,784.8,100.4,"LEO"
"IRIDIUM 157",43251,"Iridium NEXT",86.39,0.0002185,14.3422,784.8,100.4,"LEO"
"IRIDIUM 158",43571,"Iridium NEXT",86.4,0.0002105,14.3422,784.8,100.4,"LEO"
"IRIDIUM 159",43578,"Iridium NEXT",86.4,0.0002134,14.3422,784.8,100.4,"LEO"
"IRIDIUM 160",43569,"Iridium NEXT",86.4,0.0002104,14.3422,784.8,100.4,"LEO"
"IRIDIUM 161",43478,"Iridium NEXT",86.44,0.0002085,14.4328,754.8,99.8,"LEO"
"IRIDIUM 162",43482,"Iridium NEXT",86.44,0.0002244,14.4328,754.8,99.8,"LEO"
"IRIDIUM 163",43575,"Iridium NEXT",86.4,0.0002157,14.3422,784.8,100.4,"LEO"
"IRIDIUM 164",43577,"Iridium NEXT",86.4,0.0002001,14.3422,784.8,100.4,"LEO"
"IRIDIUM 165",43572,"Iridium NEXT",86.4,0.0002165,14.3422,784.8,100.4,"LEO"
"IRIDIUM 166",43570,"Iridium NEXT",86.4,0.0002155,14.3422,784.8,100.4,"LEO"
"IRIDIUM 167",43931,"Iridium NEXT",86.4,0.0002264,14.3422,784.8,100.4,"LEO"
"IRIDIUM 168",43924,"Iridium NEXT",86.4,0.0002217,14.3422,784.8,100.4,"LEO"
"IRIDIUM 169",43926,"Iridium NEXT",86.43,0.0002708,14.3861,770.2,100.1,"LEO"
"IRIDIUM 170",43930,"Iridium NEXT",86.61,0.0002349,14.7225,661,97.8,"LEO"
"IRIDIUM 171",43929,"Iridium NEXT",86.4,0.0002257,14.3422,784.8,100.4,"LEO"
"IRIDIUM 172",43927,"Iridium NEXT",86.4,0.0002245,14.3422,784.8,100.4,"LEO"
"IRIDIUM 173",43925,"Iridium NEXT",86.4,0.0002146,14.3422,784.8,100.4,"LEO"
"IRIDIUM 174",56728,"Iridium NEXT",86.61,0.0002611,14.7225,661,97.8,"LEO"
"IRIDIUM 175",43928,"Iridium NEXT",86.45,0.0003793,14.4364,753.6,99.7,"LEO"
"IRIDIUM 176",43923,"Iridium NEXT",86.61,0.0002375,14.7225,661,97.8,"LEO"
"IRIDIUM 177",56727,"Iridium NEXT",86.2,0.0002535,14.8004,636.3,97.3,"LEO"
"IRIDIUM 178",56729,"Iridium NEXT",86.66,0.0002479,14.8005,636.3,97.3,"LEO"
"IRIDIUM 179",56730,"Iridium NEXT",86.68,0.0002488,14.8005,636.3,97.3,"LEO"
"IRIDIUM 180",43922,"Iridium NEXT",86.4,0.0002178,14.3422,784.8,100.4,"LEO"
"IRIDIUM 181",56726,"Iridium NEXT",86.45,0.0002016,14.4331,754.7,99.8,"LEO"
"ABS-4 (MOBISAT-1)",28184,"Komunikacyjne GEO",6.21,0.0005074,1.0027,35794.3,1436.1,"GEO"
"AMAZONAS 4A",39616,"Komunikacyjne GEO",0.08,0.0006273,1.0027,35793.6,1436.1,"GEO"
"AMOS-4",39237,"Komunikacyjne GEO",0.01,0.0001366,1.0027,35793.5,1436.1,"GEO"
"APSTAR-7",38107,"Komunikacyjne GEO",0.01,0.0003656,1.0027,35793.7,1436.1,"GEO"
"ASTRA 1L",31306,"Komunikacyjne GEO",1.49,0.0005161,1.0027,35793.6,1436.1,"GEO"
"ASTRA 2G",40364,"Komunikacyjne GEO",0.03,0.0002994,1.0028,35792.7,1436,"GEO"
"BEIDOU-2 G1",36287,"Komunikacyjne GEO",4.45,0.000151,1.0027,35794.2,1436.1,"GEO"
"DSN-3 (KIRAMEKI-3)",61733,"Komunikacyjne GEO",0.03,0.0001514,1.0027,35794.1,1436.1,"GEO"
"ECHOSTAR 19",41893,"Komunikacyjne GEO",0.02,0.000172,1.0027,35793.5,1436.1,"GEO"
"EUTELSAT 16A",37836,"Komunikacyjne GEO",0.05,0.000545,1.0027,35793.1,1436.1,"GEO"
"EUTELSAT 174A",28924,"Komunikacyjne GEO",4.39,0.0006103,1.0028,35792.7,1436,"GEO"
"EUTELSAT 5 WEST B",44624,"Komunikacyjne GEO",0.11,0.0003383,1.0027,35793.3,1436.1,"GEO"
"EUTELSAT 53A",40277,"Komunikacyjne GEO",0.03,0.0001881,1.0027,35794.2,1436.1,"GEO"
"EUTELSAT 8 WEST B",40875,"Komunikacyjne GEO",0.07,0.000353,1.0027,35793.6,1436.1,"GEO"
"EXPRESS-AM8",40895,"Komunikacyjne GEO",0.03,2.35e-05,1.0027,35793.3,1436.1,"GEO"
"FLTSATCOM 8 (USA 46)",20253,"Komunikacyjne GEO",12.4,0.0001516,1.0026,35796.5,1436.2,"GEO"
"GALAXY 18 (G-18)",32951,"Komunikacyjne GEO",0,0.0003205,1.0027,35793.4,1436.1,"GEO"
"GALAXY 36 (G-36)",54742,"Komunikacyjne GEO",0.03,0.0002427,1.0027,35793.8,1436.1,"GEO"
"GSAT-19",42747,"Komunikacyjne GEO",0.04,0.0004711,1.0027,35793.7,1436.1,"GEO"
"GSAT-31",44035,"Komunikacyjne GEO",0.06,0.0002909,1.0027,35793.8,1436.1,"GEO"
"GSAT-9",42695,"Komunikacyjne GEO",0.04,0.000261,1.0028,35792.6,1436,"GEO"
"HORIZONS-3E",43633,"Komunikacyjne GEO",0.02,6.99e-05,1.0027,35793.6,1436.1,"GEO"
"INMARSAT 3-F1",23839,"Komunikacyjne GEO",10.74,0.0006025,1,35871,1440,"GEO"
"INTELSAT 19 (IS-19)",38356,"Komunikacyjne GEO",0.02,0.0003227,1.0027,35794.8,1436.2,"GEO"
"INTELSAT 31 (IS-31)",41581,"Komunikacyjne GEO",0.04,0.000145,1.0027,35794,1436.1,"GEO"
"INTELSAT 35E (IS-35E)",42818,"Komunikacyjne GEO",0.02,0.000211,1.0027,35794.4,1436.1,"GEO"
"INTELSAT 902 (IS-902)",26900,"Komunikacyjne GEO",6.29,0.0004201,1.0027,35793.5,1436.1,"GEO"
"IRNSS-1A",39199,"Komunikacyjne GEO",35.85,0.0019486,1.0028,35791.6,1436,"GEO"
"IRNSS-1C",40269,"Komunikacyjne GEO",6.69,0.002068,1.0027,35793.1,1436.1,"GEO"
"JCSAT-110A (JCSAT-15)",41903,"Komunikacyjne GEO",0,5.58e-05,1.0027,35793.5,1436.1,"GEO"
"JCSAT-3A",29272,"Komunikacyjne GEO",0.06,0.0002668,1.0027,35793.7,1436.1,"GEO"
"KOREASAT 116",45920,"Komunikacyjne GEO",0.04,0.000144,1.0027,35794.2,1436.1,"GEO"
"MEXSAT 3",39035,"Komunikacyjne GEO",0.02,0.0001304,1.0027,35794.4,1436.1,"GEO"
"NUSANTARA LIMA (NUSANT*)",65588,"Komunikacyjne GEO",0.02,4.39e-05,1.0027,35794.7,1436.1,"GEO"
"NUSANTARA SATU",44048,"Komunikacyjne GEO",0.03,0.0004896,1.0027,35794,1436.1,"GEO"
"NVS-01 (IRNSS-1J)",56759,"Komunikacyjne GEO",2.01,0.0004182,1.0027,35793.1,1436.1,"GEO"
"OPTUS D3",35756,"Komunikacyjne GEO",0.87,0.0004226,1.0027,35793.5,1436.1,"GEO"
"SHIYAN-12 01 (SY-12 01)",50321,"Komunikacyjne GEO",3.85,0.0001128,1.0047,35739.1,1433.3,"GEO"
"STAR ONE C3",38991,"Komunikacyjne GEO",0.03,0.0002237,1.0027,35794,1436.1,"GEO"
"STAR ONE D1",41904,"Komunikacyjne GEO",0.01,0.0002346,1.0027,35793.6,1436.1,"GEO"
"STPSAT-6",49817,"Komunikacyjne GEO",0.49,6.71e-05,1.0027,35793.6,1436.1,"GEO"
"SUPERBIRD-B3",43271,"Komunikacyjne GEO",0.02,0.0001319,1.0027,35794.4,1436.1,"GEO"
"TDRS 8",26388,"Komunikacyjne GEO",12.79,0.0002357,1.0027,35792.9,1436.1,"GEO"
"TELKOM 4 (MERAH PUTIH)",43587,"Komunikacyjne GEO",0.03,0.0001548,1.0027,35793.9,1436.1,"GEO"
"TELSTAR 18V",43611,"Komunikacyjne GEO",0.03,0.000202,1.0027,35793.3,1436.1,"GEO"
"THAICOM 8",41552,"Komunikacyjne GEO",0.06,0.0001819,1.0027,35794.2,1436.1,"GEO"
"TURKSAT 4B",40984,"Komunikacyjne GEO",0.05,0.0002374,1.0028,35792.5,1436,"GEO"
"TURKSAT 5B",50212,"Komunikacyjne GEO",0.08,0.0001421,1.0027,35793.5,1436.1,"GEO"
"TURKSAT 6A",60233,"Komunikacyjne GEO",0.05,0.0004233,1.0027,35793.8,1436.1,"GEO"
"UFO 11 (USA 174)",28117,"Komunikacyjne GEO",8.99,0.0003455,1.0027,35793.8,1436.1,"GEO"
"USA 134",25019,"Komunikacyjne GEO",12.87,0.0001571,1.0027,35793.4,1436.1,"GEO"
"XM-5",37185,"Komunikacyjne GEO",0.07,6.24e-05,1.0027,35794.2,1436.1,"GEO"
"YAMAL 402",39022,"Komunikacyjne GEO",1.44,0.000375,1.0027,35793.5,1436.1,"GEO"
"YAMAL 601",44307,"Komunikacyjne GEO",0.01,0.0002488,1.0027,35793.6,1436.1,"GEO"
"ZHONGXING-2E",49062,"Komunikacyjne GEO",0.05,6.84e-05,1.0027,35794.3,1436.1,"GEO"
"ARKTIKA-M 2",58584,"Meteorologiczne",63.21,0.6901614,2.0059,20186.7,717.9,"MEO"
"COMS 1",36744,"Meteorologiczne",4.98,0.001103,0.9917,36105.2,1452,"GEO"
"CYGFM01",41887,"Meteorologiczne",34.94,0.0003274,15.6043,393.5,92.3,"LEO"
"CYGFM02",41886,"Meteorologiczne",34.94,0.0003007,15.6925,368.2,91.8,"LEO"
"CYGFM03",41891,"Meteorologiczne",34.94,0.0002428,15.6375,384,92.1,"LEO"
"CYGFM04",41885,"Meteorologiczne",34.93,0.0002679,15.6547,379,92,"LEO"
"CYGFM05",41884,"Meteorologiczne",34.96,0.0003506,15.5965,395.8,92.3,"LEO"
"CYGFM07",41890,"Meteorologiczne",34.94,0.00032,15.6376,383.9,92.1,"LEO"
"CYGFM08",41888,"Meteorologiczne",34.94,0.0004123,15.6364,384.3,92.1,"LEO"
"DMSP 5D-3 F16 (USA 172)",28054,"Meteorologiczne",98.99,0.0006216,14.1449,851.2,101.8,"LEO"
"DMSP 5D-3 F17 (USA 191)",29522,"Meteorologiczne",98.74,0.000937,14.15,849.4,101.8,"LEO"
"DMSP 5D-3 F18 (USA 210)",35951,"Meteorologiczne",98.91,0.0012132,14.1493,849.7,101.8,"LEO"
"ELEKTRO-L 2",41105,"Meteorologiczne",6.86,0.0001089,1.0027,35793.8,1436.1,"GEO"
"EWS-G2 (GOES 15)",36411,"Meteorologiczne",1.46,0.0005628,1.0027,35793,1436.1,"GEO"
"EWS-G3 (GOES 14)",35491,"Meteorologiczne",1.86,0.0002248,1.0008,35848.4,1438.9,"GEO"
"FENGYUN 2G",40367,"Meteorologiczne",5.81,0.0004112,1.0026,35795.9,1436.2,"GEO"
"FENGYUN 2H",43491,"Meteorologiczne",3.2,0.000222,1.0027,35792.9,1436.1,"GEO"
"FENGYUN 3A",32958,"Meteorologiczne",98.69,0.0007681,14.1958,833.9,101.4,"LEO"
"FENGYUN 3B",37214,"Meteorologiczne",98.96,0.0021923,14.1485,849.9,101.8,"LEO"
"FENGYUN 3C",39260,"Meteorologiczne",98.51,0.0014566,14.1577,846.8,101.7,"LEO"
"FENGYUN 3D",43010,"Meteorologiczne",99.02,0.0001131,14.1975,833.3,101.4,"LEO"
"FENGYUN 3E",49008,"Meteorologiczne",98.75,5.85e-05,14.1991,832.8,101.4,"LEO"
"FENGYUN 3F",57490,"Meteorologiczne",98.68,8.32e-05,14.1995,832.7,101.4,"LEO"
"FENGYUN 3G",56232,"Meteorologiczne",49.99,0.0012413,15.5286,415.5,92.7,"LEO"
"FENGYUN 3H",65815,"Meteorologiczne",98.68,9.34e-05,14.1993,832.7,101.4,"LEO"
"FENGYUN 4A",41882,"Meteorologiczne",2.49,0.0007473,1.0026,35795.7,1436.2,"GEO"
"GEO-KOMPSAT-2A",43823,"Meteorologiczne",0.01,0.0002185,1.0027,35793.9,1436.1,"GEO"
"GOES 16",41866,"Meteorologiczne",0.5,0.0001361,1.0027,35793.4,1436.1,"GEO"
"GOES 17",43226,"Meteorologiczne",1.11,8.31e-05,1.0027,35793.6,1436.1,"GEO"
"GOES 18",51850,"Meteorologiczne",0,3.99e-05,1.0027,35793.6,1436.1,"GEO"
"GOES 19",60133,"Meteorologiczne",0.01,3.17e-05,1.0027,35793.5,1436.1,"GEO"
"HIMAWARI-8",40267,"Meteorologiczne",0.02,0.0001248,1.0027,35793.2,1436.1,"GEO"
"HIMAWARI-9",41836,"Meteorologiczne",0.04,0.0001236,1.0027,35793.4,1436.1,"GEO"
"INSAT-3D",39216,"Meteorologiczne",2.1,0.0001394,1.0027,35794.2,1436.1,"GEO"
"INSAT-3DR",41752,"Meteorologiczne",0.07,0.0010987,1.0027,35793.6,1436.1,"GEO"
"INSAT-3DS",58990,"Meteorologiczne",0.08,0.0001321,1.0027,35793.6,1436.1,"GEO"
"METEOR-M 2",40069,"Meteorologiczne",98.52,0.0005422,14.2148,827.5,101.3,"LEO"
"METEOR-M2 2",44387,"Meteorologiczne",98.92,0.0001623,14.2438,817.7,101.1,"LEO"
"METEOR-M2 3",57166,"Meteorologiczne",98.6,0.0003411,14.2405,818.8,101.1,"LEO"
"METEOR-M2 4",59051,"Meteorologiczne",98.71,0.0006615,14.2244,824.3,101.2,"LEO"
"METEOSAT-10 (MSG-3)",38552,"Meteorologiczne",4.83,0.0001056,1.0027,35794.8,1436.2,"GEO"
"METEOSAT-11 (MSG-4)",40732,"Meteorologiczne",3.37,7.39e-05,1.0027,35795.1,1436.2,"GEO"
"METEOSAT-12 (MTG-I1)",54743,"Meteorologiczne",0.77,0.0003807,1.0028,35792.6,1436,"GEO"
"METEOSAT-9 (MSG-2)",28912,"Meteorologiczne",9.51,0.0002689,1.0028,35791.7,1436,"GEO"
"METOP-B",38771,"Meteorologiczne",98.64,0.0003193,14.2146,827.6,101.3,"LEO"
"METOP-C",43689,"Meteorologiczne",98.66,9.75e-05,14.2151,827.4,101.3,"LEO"
"METOP-SGA1",65159,"Meteorologiczne",98.66,0.0001089,14.2151,827.4,101.3,"LEO"
"MTG-S1",64723,"Meteorologiczne",0.6,0.000344,1.0027,35793.3,1436.1,"GEO"
"NOAA 20 (JPSS-1)",43013,"Meteorologiczne",98.78,0.0001981,14.1952,834.1,101.4,"LEO"
"NOAA 21 (JPSS-2)",54234,"Meteorologiczne",98.71,0.0002151,14.1955,834,101.4,"LEO"
"SENTINEL-3A",41335,"Meteorologiczne",98.62,9.69e-05,14.2674,809.8,100.9,"LEO"
"SENTINEL-3B",43437,"Meteorologiczne",98.62,0.0001649,14.2674,809.8,100.9,"LEO"
"SUOMI NPP",37849,"Meteorologiczne",98.8,0.0002693,14.1953,834.1,101.4,"LEO"
"TIANMU-1 03",55973,"Meteorologiczne",97.53,0.0002731,15.4909,426.5,93,"LEO"
"TIANMU-1 04",55974,"Meteorologiczne",97.52,0.0003424,15.4975,424.6,92.9,"LEO"
"TIANMU-1 05",55975,"Meteorologiczne",97.52,0.0001835,15.49,426.8,93,"LEO"
"TIANMU-1 06",55976,"Meteorologiczne",97.52,0.0002473,15.4963,424.9,92.9,"LEO"
"TIANMU-1 07",57399,"Meteorologiczne",97.25,0.0001145,15.3051,481.4,94.1,"LEO"
"TIANMU-1 08",57400,"Meteorologiczne",97.25,0.0002689,15.3051,481.4,94.1,"LEO"
"TIANMU-1 09",57401,"Meteorologiczne",97.25,0.0001752,15.3049,481.5,94.1,"LEO"
"TIANMU-1 10",57402,"Meteorologiczne",97.26,0.0002978,15.3054,481.3,94.1,"LEO"
"TIANMU-1 11",58645,"Meteorologiczne",97.34,0.001051,15.2761,490.1,94.3,"LEO"
"TIANMU-1 12",58646,"Meteorologiczne",97.34,0.0009452,15.2728,491.1,94.3,"LEO"
"TIANMU-1 13",58647,"Meteorologiczne",97.35,0.0008165,15.2727,491.1,94.3,"LEO"
"TIANMU-1 14",58648,"Meteorologiczne",97.34,0.0008955,15.2729,491,94.3,"LEO"
"TIANMU-1 15",58700,"Meteorologiczne",97.47,0.0008858,15.2728,491.1,94.3,"LEO"
"TIANMU-1 16",58701,"Meteorologiczne",97.46,0.0007483,15.2738,490.8,94.3,"LEO"
"TIANMU-1 17",58702,"Meteorologiczne",97.46,0.0006964,15.2738,490.8,94.3,"LEO"
"TIANMU-1 18",58703,"Meteorologiczne",97.47,0.0006567,15.2728,491.1,94.3,"LEO"
"TIANMU-1 19",58660,"Meteorologiczne",97.46,0.0006302,15.3253,475.4,94,"LEO"
"TIANMU-1 20",58661,"Meteorologiczne",97.45,0.000848,15.3373,471.8,93.9,"LEO"
"TIANMU-1 21",58662,"Meteorologiczne",97.46,0.0008294,15.3622,464.4,93.7,"LEO"
"TIANMU-1 22",58663,"Meteorologiczne",97.46,0.000523,15.3194,477.2,94,"LEO"
"ASTROSAT",40930,"Naukowe",6,0.0008529,14.8261,628.2,97.1,"LEO"
"BRITE-AUSTRIA",39091,"Naukowe",98.4,0.0010887,14.3657,777,100.2,"LEO"
"BRITE-CA1 (TORONTO)",40020,"Naukowe",97.98,0.0079559,14.7279,659.3,97.8,"LEO"
"BRITE-PL2 (HEWELIUSZ)",40119,"Naukowe",97.91,0.0012735,14.948,590.1,96.3,"LEO"
"CASSIOPE",39265,"Naukowe",80.92,0.0275326,15.2972,483.8,94.1,"LEO"
"CLUSTER II-FM7 (SAMBA)",26410,"Naukowe",149.56,0.9119992,0.4488,65693,3208.8,"GEO"
"CLUSTER II-FM8 (TANGO)",26464,"Naukowe",149.62,0.9130551,0.4454,66052.1,3232.8,"GEO"
"CORIOLIS",27640,"Naukowe",98.72,0.0014326,14.1996,832.6,101.4,"LEO"
"CRYOSAT 2",36508,"Naukowe",92.03,0.0002691,14.519,726.6,99.2,"LEO"
"CXO",25867,"Naukowe",57.14,0.7726724,0.378,74426.3,3809.4,"GEO"
"DAMPE",41173,"Naukowe",97.46,0.0011629,15.3094,480.2,94.1,"LEO"
"FGRST (GLAST)",33053,"Naukowe",25.58,0.0008571,15.2425,500.2,94.5,"LEO"
"FLYING LAPTOP",42831,"Naukowe",97.5,0.0016048,15.0151,569.4,95.9,"LEO"
"GCOM-W1 (SHIZUKU)",38337,"Naukowe",98.2,0.0001353,14.5712,709.6,98.8,"LEO"
"HINODE (SOLAR-B)",29479,"Naukowe",98.06,0.0018845,14.687,672.4,98,"LEO"
"HISAKI (SPRINT-A)",39253,"Naukowe",29.72,0.0136687,13.5555,1059,106.2,"LEO"
"HST",20580,"Naukowe",28.47,0.0001866,15.3146,478.6,94,"LEO"
"HXMT (HUIYAN)",42758,"Naukowe",43.01,0.003245,15.1898,516.1,94.8,"LEO"
"IRIS",39197,"Naukowe",97.93,0.0025837,14.8601,617.6,96.9,"LEO"
"IXPE",49954,"Naukowe",0.23,0.0007174,15.1082,540.8,95.3,"LEO"
"MMS 1",40482,"Naukowe",72.91,0.8278226,0.2835,91512.3,5079.5,"GEO"
"MMS 2",40483,"Naukowe",72.91,0.828108,0.2835,91514.8,5079.7,"GEO"
"MMS 3",40484,"Naukowe",72.91,0.8279425,0.2835,91512.3,5079.5,"GEO"
"MMS 4",40485,"Naukowe",72.9,0.8279456,0.2835,91512.4,5079.5,"GEO"
"MOST",27843,"Naukowe",98.71,0.0010817,14.2133,828,101.3,"LEO"
"NEOSSAT",39089,"Naukowe",98.42,0.0011838,14.3585,779.4,100.3,"LEO"
"NUSTAR",38358,"Naukowe",6.02,0.0006889,15.0938,545.2,95.4,"LEO"
"OCO 2",40059,"Naukowe",98.2,0.0001619,14.5709,709.7,98.8,"LEO"
"PISAT",41784,"Naukowe",97.82,0.0028602,14.691,671.1,98,"LEO"
"POLAR",23802,"Naukowe",79.95,0.6540066,1.2985,29119.9,1109,"MEO"
"SALSAT",46495,"Naukowe",97.89,0.0011122,15.3067,481,94.1,"LEO"
"SCISAT 1",27858,"Naukowe",73.93,0.0006093,14.8152,631.7,97.2,"LEO"
"SDO",36395,"Naukowe",34.79,0.0001521,1.0028,35792.5,1436,"GEO"
"SHIJIAN-6 02A (SJ-6 02A)",29505,"Naukowe",97.63,0.0001376,15.1763,520.2,94.9,"LEO"
"SHIJIAN-6 02B (SJ-6 02B)",29506,"Naukowe",97.71,0.0015191,15.0147,569.5,95.9,"LEO"
"SMILE",69123,"Naukowe",70.03,0.8229755,0.4751,63009.7,3031.2,"GEO"
"SORCE",27651,"Naukowe",39.99,0.0017814,15.0402,561.6,95.7,"LEO"
"STSAT-3",39422,"Naukowe",97.63,0.0010329,15.0308,564.5,95.8,"LEO"
"SWARM A",39452,"Naukowe",87.33,0.0002408,15.5041,422.7,92.9,"LEO"
"SWARM B",39451,"Naukowe",87.75,0.0003212,15.2894,486.1,94.2,"LEO"
"SWARM C",39453,"Naukowe",87.33,0.0002399,15.5041,422.7,92.9,"LEO"
"SWAS",25560,"Naukowe",69.89,0.0004858,15.0998,543.4,95.4,"LEO"
"SWIFT",28485,"Naukowe",20.55,0.0001271,15.7589,349.2,91.4,"LEO"
"TERRA",25994,"Naukowe",97.94,0.0002834,14.6115,696.6,98.6,"LEO"
"TIMED",26998,"Naukowe",74.07,0.0002301,14.9542,588.2,96.3,"LEO"
"X-SAT",37389,"Naukowe",98.36,0.0014773,14.2522,814.9,101,"LEO"
"XMM-NEWTON",25989,"Naukowe",64.11,0.4655809,0.5012,60572.3,2872.9,"GEO"
"ZHANGHENG 1-01 (CSES-1)",43194,"Naukowe",97.69,0.0016305,15.2106,509.8,94.7,"LEO"
"ONEWEB-0007",44060,"OneWeb",87.9,0.0002307,13.1555,1208.9,109.5,"LEO"
"ONEWEB-0056",45159,"OneWeb",87.89,0.0001515,13.1038,1228.8,109.9,"LEO"
"ONEWEB-0065",45164,"OneWeb",87.89,0.0001453,13.1038,1228.8,109.9,"LEO"
"ONEWEB-0093",45444,"OneWeb",87.89,0.0002026,13.1141,1224.8,109.8,"LEO"
"ONEWEB-0108",48076,"OneWeb",87.9,0.0001931,13.1347,1216.9,109.6,"LEO"
"ONEWEB-0145",47291,"OneWeb",87.9,0.0001859,13.1244,1220.9,109.7,"LEO"
"ONEWEB-0147",47293,"OneWeb",87.9,0.0002063,13.1244,1220.9,109.7,"LEO"
"ONEWEB-0149",48058,"OneWeb",87.9,0.0001822,13.1347,1216.9,109.6,"LEO"
"ONEWEB-0150",48047,"OneWeb",87.9,0.0001756,13.1348,1216.9,109.6,"LEO"
"ONEWEB-0194",48237,"OneWeb",87.89,0.0002156,13.1443,1213.2,109.6,"LEO"
"ONEWEB-0199",48234,"OneWeb",87.89,0.0002019,13.1457,1212.7,109.5,"LEO"
"ONEWEB-0206",48227,"OneWeb",87.89,0.0002027,13.1456,1212.7,109.5,"LEO"
"ONEWEB-0211",48767,"OneWeb",87.9,0.0002359,13.162,1206.4,109.4,"LEO"
"ONEWEB-0237",48770,"OneWeb",87.9,0.000185,13.1555,1208.9,109.5,"LEO"
"ONEWEB-0259",48977,"OneWeb",87.91,0.0002109,13.166,1204.9,109.4,"LEO"
"ONEWEB-0261",48979,"OneWeb",87.91,0.0002416,13.166,1204.9,109.4,"LEO"
"ONEWEB-0262",48980,"OneWeb",87.91,0.000215,13.1659,1204.9,109.4,"LEO"
"ONEWEB-0268",48986,"OneWeb",87.91,0.0002107,13.1659,1204.9,109.4,"LEO"
"ONEWEB-0274",48992,"OneWeb",87.91,0.0002234,13.1659,1204.9,109.4,"LEO"
"ONEWEB-0312",49098,"OneWeb",87.92,0.0001515,13.1765,1200.8,109.3,"LEO"
"ONEWEB-0314",49100,"OneWeb",87.92,0.0001469,13.1765,1200.8,109.3,"LEO"
"ONEWEB-0315",49101,"OneWeb",87.9,0.000185,13.1244,1220.9,109.7,"LEO"
"ONEWEB-0326",49195,"OneWeb",87.92,0.000192,13.1869,1196.9,109.2,"LEO"
"ONEWEB-0335",49201,"OneWeb",87.9,0.0001857,13.1347,1216.9,109.6,"LEO"
"ONEWEB-0343",49209,"OneWeb",87.92,0.0002176,13.1869,1196.9,109.2,"LEO"
"ONEWEB-0344",49210,"OneWeb",87.89,0.0001539,13.1347,1216.9,109.6,"LEO"
"ONEWEB-0348",49213,"OneWeb",87.91,0.0001556,13.2077,1188.9,109,"LEO"
"ONEWEB-0350",49214,"OneWeb",87.9,0.0003079,13.1347,1216.9,109.6,"LEO"
"ONEWEB-0351",49215,"OneWeb",87.91,0.0002176,13.2077,1188.9,109,"LEO"
"ONEWEB-0352",49216,"OneWeb",87.9,0.0002137,13.1347,1216.9,109.6,"LEO"
"ONEWEB-0358",49284,"OneWeb",87.91,0.000196,13.2078,1188.9,109,"LEO"
"ONEWEB-0360",49286,"OneWeb",87.91,0.0001922,13.2077,1188.9,109,"LEO"
"ONEWEB-0373",49299,"OneWeb",87.91,0.0001921,13.2077,1188.9,109,"LEO"
"ONEWEB-0375",49301,"OneWeb",87.91,0.0001811,13.2077,1188.9,109,"LEO"
"ONEWEB-0378",49304,"OneWeb",87.91,0.0002024,13.2077,1188.9,109,"LEO"
"ONEWEB-0388",49314,"OneWeb",87.91,0.0002058,13.1973,1192.9,109.1,"LEO"
"ONEWEB-0389",50469,"OneWeb",87.92,0.0001886,13.1764,1200.9,109.3,"LEO"
"ONEWEB-0426",50498,"OneWeb",87.92,0.0001877,13.1869,1196.9,109.2,"LEO"
"ONEWEB-0444",51638,"OneWeb",87.89,0.0001859,13.1037,1228.9,109.9,"LEO"
"ONEWEB-0451",51643,"OneWeb",87.92,0.0001788,13.1765,1200.9,109.3,"LEO"
"ONEWEB-0502",54120,"OneWeb",87.92,0.0002269,13.1973,1192.9,109.1,"LEO"
"ONEWEB-0523",54141,"OneWeb",87.91,0.0001237,13.2077,1188.9,109,"LEO"
"ONEWEB-0530",55796,"OneWeb",87.91,0.0001741,13.2077,1188.9,109,"LEO"
"ONEWEB-0556",55798,"OneWeb",87.91,0.0002591,13.2077,1188.9,109,"LEO"
"ONEWEB-0569",55148,"OneWeb",87.9,0.0002518,13.1347,1216.9,109.6,"LEO"
"ONEWEB-0578",56067,"OneWeb",87.92,0.0001837,13.2183,1184.9,108.9,"LEO"
"ONEWEB-0598",55154,"OneWeb",87.89,0.000196,13.1141,1224.8,109.8,"LEO"
"ONEWEB-0611",54674,"OneWeb",87.92,0.000212,13.2183,1184.9,108.9,"LEO"
"ONEWEB-0613",56071,"OneWeb",87.9,0.0002224,13.1555,1208.9,109.5,"LEO"
"ONEWEB-0624",55165,"OneWeb",87.9,0.0001737,13.1293,1219,109.7,"LEO"
"ONEWEB-0625",55166,"OneWeb",87.92,0.0002021,13.1765,1200.8,109.3,"LEO"
"ONEWEB-0628",55169,"OneWeb",87.9,0.000177,13.1245,1220.8,109.7,"LEO"
"ONEWEB-0633",56074,"OneWeb",87.9,0.0002261,13.1555,1208.9,109.5,"LEO"
"ONEWEB-0634",56075,"OneWeb",87.9,0.0001749,13.1555,1208.9,109.5,"LEO"
"ONEWEB-0638",55802,"OneWeb",87.89,0.0002269,13.1454,1212.8,109.5,"LEO"
"ONEWEB-0642",55806,"OneWeb",87.91,0.0002495,13.1972,1192.9,109.1,"LEO"
"ONEWEB-0661",55821,"OneWeb",87.89,0.0002191,13.1456,1212.7,109.5,"LEO"
"ONEWEB-0672",55831,"OneWeb",87.91,0.000178,13.2077,1188.9,109,"LEO"
"ONEWEB-0711",55174,"OneWeb",87.89,0.0001289,13.1141,1224.8,109.8,"LEO"
"ONEWEB-0720",55835,"OneWeb",87.91,0.0002223,13.1972,1192.9,109.1,"LEO"
"CREW DRAGON 12",67796,"Stacje kosmiczne",51.63,0.0007673,15.4963,425,92.9,"LEO"
"CSS (MENGTIAN)",54216,"Stacje kosmiczne",41.47,0.0001642,15.5925,397,92.4,"LEO"
"CSS (TIANHE)",48274,"Stacje kosmiczne",41.47,0.0001642,15.5925,397,92.4,"LEO"
"CSS (WENTIAN)",53239,"Stacje kosmiczne",41.47,0.0001642,15.5925,397,92.4,"LEO"
"CYGNUS NG-24",68689,"Stacje kosmiczne",51.63,0.0007673,15.4963,425,92.9,"LEO"
"DUPLEX",66906,"Stacje kosmiczne",51.63,0.0003982,15.6776,372.4,91.9,"LEO"
"FREGAT DEB",49271,"Stacje kosmiczne",51.64,0.0926713,12.4376,1497.8,115.8,"LEO"
"GXIBA-1",67685,"Stacje kosmiczne",51.62,0.0008063,15.6961,367.1,91.7,"LEO"
"HMU-SAT2",67688,"Stacje kosmiczne",51.63,0.0007359,15.7347,356.1,91.5,"LEO"
"HRC MONOBLOCK CAMERA",66052,"Stacje kosmiczne",51.62,0.0006532,15.8718,317.3,90.7,"LEO"
"ISS (NAUKA)",49044,"Stacje kosmiczne",51.63,0.0007673,15.4963,425,92.9,"LEO"
"ISS (ZARYA)",25544,"Stacje kosmiczne",51.63,0.0007673,15.4963,425,92.9,"LEO"
"KNACKSAT-2",67683,"Stacje kosmiczne",51.63,0.0007306,15.665,376.1,91.9,"LEO"
"LEOPARD",67687,"Stacje kosmiczne",51.63,0.0007773,15.6961,367.1,91.7,"LEO"
"POISK",36086,"Stacje kosmiczne",51.63,0.0007673,15.4963,425,92.9,"LEO"
"PROGRESS-MS 33",68319,"Stacje kosmiczne",51.63,0.0007673,15.4963,425,92.9,"LEO"
"PROGRESS-MS 34",68837,"Stacje kosmiczne",51.63,0.0007673,15.4963,425,92.9,"LEO"
"SHENZHOU-23 (SZ-23)",69180,"Stacje kosmiczne",41.47,0.0001642,15.5925,397,92.4,"LEO"
"SZ-21 MODULE",66515,"Stacje kosmiczne",41.47,0.000871,15.8278,329.7,91,"LEO"
"TIANZHOU-10",69049,"Stacje kosmiczne",41.47,0.0001642,15.5925,397,92.4,"LEO"
"UITMSAT-2",67686,"Stacje kosmiczne",51.62,0.0008142,15.7744,344.8,91.3,"LEO"
"STARLINK-11231 [DTC]",61057,"Starlink",53.16,0.0001071,15.6972,366.8,91.7,"LEO"
"STARLINK-11297 [DTC]",61060,"Starlink",53.16,9.66e-05,15.697,366.9,91.7,"LEO"
"STARLINK-11323 [DTC]",61533,"Starlink",53.16,0.0003598,15.697,366.9,91.7,"LEO"
"STARLINK-11332 [DTC]",61539,"Starlink",53.16,0.0001159,15.6971,366.9,91.7,"LEO"
"STARLINK-11561 [DTC]",62908,"Starlink",43,0.0001551,15.7085,363.6,91.7,"LEO"
"STARLINK-1260",45404,"Starlink",53.15,9.96e-05,15.447,439.4,93.2,"LEO"
"STARLINK-1548",46054,"Starlink",53.16,0.0001704,15.317,477.9,94,"LEO"
"STARLINK-2364",47904,"Starlink",53.16,0.0001279,15.3172,477.8,94,"LEO"
"STARLINK-2395",47814,"Starlink",53.16,0.0002081,15.3331,473.1,93.9,"LEO"
"STARLINK-2450",48113,"Starlink",53.16,0.0001437,15.317,477.9,94,"LEO"
"STARLINK-2629",48686,"Starlink",53.16,0.0002426,15.3169,477.9,94,"LEO"
"STARLINK-30112",56306,"Starlink",43,0.0001158,15.2758,490.2,94.3,"LEO"
"STARLINK-30152",56828,"Starlink",43,7.9e-05,15.2758,490.2,94.3,"LEO"
"STARLINK-30328",57638,"Starlink",43,9.16e-05,15.2758,490.2,94.3,"LEO"
"STARLINK-30422",57826,"Starlink",43,0.0001461,15.2756,490.2,94.3,"LEO"
"STARLINK-30486",58009,"Starlink",43,0.0001585,15.2759,490.2,94.3,"LEO"
"STARLINK-30612",58106,"Starlink",53.16,0.000138,15.3439,469.9,93.8,"LEO"
"STARLINK-31070",58639,"Starlink",43,0.0001122,15.2758,490.2,94.3,"LEO"
"STARLINK-31422",59354,"Starlink",43,0.0001237,15.2756,490.2,94.3,"LEO"
"STARLINK-31490",59222,"Starlink",53.16,0.0001723,15.3439,469.9,93.8,"LEO"
"STARLINK-31590",59198,"Starlink",43,0.0001185,15.2757,490.2,94.3,"LEO"
"STARLINK-31759",59740,"Starlink",43,8.86e-05,15.2758,490.2,94.3,"LEO"
"STARLINK-32087",59702,"Starlink",43,9.87e-05,15.2761,490.1,94.3,"LEO"
"STARLINK-32441",61668,"Starlink",53.16,0.0001159,15.3352,472.4,93.9,"LEO"
"STARLINK-32495",62052,"Starlink",43,0.0002309,15.2759,490.1,94.3,"LEO"
"STARLINK-32725",62505,"Starlink",43,0.0001037,15.2759,490.1,94.3,"LEO"
"STARLINK-32780",62746,"Starlink",43,8.41e-05,15.2759,490.2,94.3,"LEO"
"STARLINK-32806",62735,"Starlink",43,0.0001329,15.2758,490.2,94.3,"LEO"
"STARLINK-32905",62923,"Starlink",43,9.39e-05,15.2758,490.2,94.3,"LEO"
"STARLINK-3304",50161,"Starlink",53.16,0.0001283,15.354,466.9,93.8,"LEO"
"STARLINK-33784",63453,"Starlink",53.16,9.84e-05,15.3441,469.8,93.8,"LEO"
"STARLINK-33865",64247,"Starlink",43,8.99e-05,15.2757,490.2,94.3,"LEO"
"STARLINK-33881",63779,"Starlink",43,0.0001146,15.2762,490.1,94.3,"LEO"
"STARLINK-34131",64182,"Starlink",53.16,0.0001044,15.302,482.4,94.1,"LEO"
"STARLINK-34175",64169,"Starlink",97.28,8.71e-05,15.3345,472.7,93.9,"LEO"
"STARLINK-34321",64267,"Starlink",53.16,9.76e-05,15.344,469.8,93.8,"LEO"
"STARLINK-34522",64492,"Starlink",53.16,9.95e-05,15.344,469.8,93.8,"LEO"
"STARLINK-34579",64925,"Starlink",53.16,9.8e-05,15.3441,469.8,93.8,"LEO"
"STARLINK-34740",64941,"Starlink",97.28,0.0002368,15.0565,556.6,95.6,"LEO"
"STARLINK-34907",65213,"Starlink",53.16,0.0002078,15.3442,469.8,93.8,"LEO"
"STARLINK-35127",65639,"Starlink",53.16,0.0001316,15.3441,469.8,93.8,"LEO"
"STARLINK-35136",65537,"Starlink",97.29,0.0001087,15.3349,472.5,93.9,"LEO"
"STARLINK-35217",65627,"Starlink",53.16,0.0001459,15.3437,469.9,93.8,"LEO"
"STARLINK-35273",65805,"Starlink",97.29,0.0001977,15.1039,542.2,95.3,"LEO"
"STARLINK-35307",66013,"Starlink",53.16,8.07e-05,15.3441,469.8,93.8,"LEO"
"STARLINK-35450",65868,"Starlink",53.16,0.0001448,15.344,469.8,93.8,"LEO"
"STARLINK-35463",66463,"Starlink",43,0.0001042,15.276,490.1,94.3,"LEO"
"STARLINK-35483",66252,"Starlink",53.16,0.0001078,15.3437,469.9,93.8,"LEO"
"STARLINK-35833",66542,"Starlink",43,0.0001618,15.2759,490.2,94.3,"LEO"
"STARLINK-35847",66621,"Starlink",53.16,0.0001427,15.3442,469.8,93.8,"LEO"
"STARLINK-35849",66348,"Starlink",53.16,9.97e-05,15.344,469.8,93.8,"LEO"
"STARLINK-35967",66634,"Starlink",53.16,9.04e-05,15.3442,469.8,93.8,"LEO"
"STARLINK-3618",51998,"Starlink",53.16,0.0001118,15.3439,469.9,93.8,"LEO"
"STARLINK-36236",67078,"Starlink",70,0.0004589,14.9833,579.2,96.1,"LEO"
"STARLINK-36537",67516,"Starlink",43,0.000103,15.2759,490.2,94.3,"LEO"
"STARLINK-36538",67512,"Starlink",43,0.0001168,15.2758,490.2,94.3,"LEO"
"STARLINK-36710",67971,"Starlink",97.28,0.0001183,15.3345,472.7,93.9,"LEO"
"STARLINK-36720",67655,"Starlink",97.28,6.38e-05,15.3343,472.7,93.9,"LEO"
"STARLINK-36890",68258,"Starlink",53.16,0.0001427,15.344,469.8,93.8,"LEO"
"STARLINK-37142",68296,"Starlink",97.28,8.44e-05,15.3345,472.7,93.9,"LEO"
"STARLINK-37391",68779,"Starlink",97.29,0.0001135,15.3347,472.6,93.9,"LEO"
"STARLINK-37582",69363,"Starlink",53.16,0.0001222,15.3437,469.9,93.8,"LEO"
"STARLINK-3765",52295,"Starlink",53.16,6.64e-05,15.6778,372.4,91.8,"LEO"
"STARLINK-3770",52554,"Starlink",53.16,0.0001667,15.3062,481.1,94.1,"LEO"
"STARLINK-37788",69338,"Starlink",97.28,0.000101,15.3345,472.7,93.9,"LEO"
"STARLINK-37933",69532,"Starlink",53.16,9.25e-05,15.3441,469.8,93.8,"LEO"
"STARLINK-37936",69563,"Starlink",97.29,0.0001748,15.3345,472.7,93.9,"LEO"
"STARLINK-38037",69750,"Starlink",97.28,8.57e-05,15.3344,472.7,93.9,"LEO"
"STARLINK-38074",69741,"Starlink",97.28,0.0003475,15.3348,472.6,93.9,"LEO"
"STARLINK-4149",53290,"Starlink",53.22,0.0002675,15.1098,540.3,95.3,"LEO"
"STARLINK-4333",53088,"Starlink",97.28,0.0001451,15.1868,517,94.8,"LEO"
"STARLINK-4651",53729,"Starlink",53.16,0.0001333,15.354,466.9,93.8,"LEO"
"STARLINK-5181",54070,"Starlink",53.16,0.0001062,15.354,466.9,93.8,"LEO"
"STARLINK-5327",55291,"Starlink",70,0.0003316,14.9833,579.2,96.1,"LEO"
"STARLINK-5497",55629,"Starlink",70,0.000305,14.9834,579.2,96.1,"LEO"
"STARLINK-5520",57219,"Starlink",43,0.0001515,15.2757,490.2,94.3,"LEO"
"STARLINK-5575",55381,"Starlink",43,0.0001257,15.2758,490.2,94.3,"LEO"
"STARLINK-5666",55349,"Starlink",43,0.0001323,15.2758,490.2,94.3,"LEO"
"STARLINK-6136",56540,"Starlink",43,0.0001737,15.2758,490.2,94.3,"LEO"
"STARLINK-6296",56773,"Starlink",70,0.0003831,14.9833,579.2,96.1,"LEO"
