"data","stacja","glebokosc_m"
"1995-01-01","Studnia_A",3.246
"1995-02-01","Studnia_A",3.374
"1995-03-01","Studnia_A",3.42
"1995-04-01","Studnia_A",3.37
"1995-05-01","Studnia_A",3.238
"1995-06-01","Studnia_A",3.058
"1995-07-01","Studnia_A",2.877
"1995-08-01","Studnia_A",2.742
"1995-09-01","Studnia_A",2.688
"1995-10-01","Studnia_A",2.727
"1995-11-01","Studnia_A",2.847
"1995-12-01","Studnia_A",3.014
"1996-01-01","Studnia_A",3.181
"1996-02-01","Studnia_A",3.302
"1996-03-01","Studnia_A",3.342
"1996-04-01","Studnia_A",3.289
"1996-05-01","Studnia_A",3.156
"1996-06-01","Studnia_A",2.977
"1996-07-01","Studnia_A",2.799
"1996-08-01","Studnia_A",2.67
"1996-09-01","Studnia_A",2.623
"1996-10-01","Studnia_A",2.671
"1996-11-01","Studnia_A",2.802
"1996-12-01","Studnia_A",2.981
"1997-01-01","Studnia_A",3.161
"1997-02-01","Studnia_A",3.296
"1997-03-01","Studnia_A",3.351
"1997-04-01","Studnia_A",3.313
"1997-05-01","Studnia_A",3.195
"1997-06-01","Studnia_A",3.031
"1997-07-01","Studnia_A",2.867
"1997-08-01","Studnia_A",2.751
"1997-09-01","Studnia_A",2.716
"1997-10-01","Studnia_A",2.775
"1997-11-01","Studnia_A",2.915
"1997-12-01","Studnia_A",3.101
"1998-01-01","Studnia_A",3.287
"1998-02-01","Studnia_A",3.425
"1998-03-01","Studnia_A",3.481
"1998-04-01","Studnia_A",3.442
"1998-05-01","Studnia_A",3.321
"1998-06-01","Studnia_A",3.151
"1998-07-01","Studnia_A",2.98
"1998-08-01","Studnia_A",2.855
"1998-09-01","Studnia_A",2.809
"1998-10-01","Studnia_A",2.856
"1998-11-01","Studnia_A",2.983
"1998-12-01","Studnia_A",3.155
"1999-01-01","Studnia_A",3.326
"1999-02-01","Studnia_A",3.449
"1999-03-01","Studnia_A",3.49
"1999-04-01","Studnia_A",3.436
"1999-05-01","Studnia_A",3.301
"1999-06-01","Studnia_A",3.118
"1999-07-01","Studnia_A",2.935
"1999-08-01","Studnia_A",2.799
"1999-09-01","Studnia_A",2.744
"1999-10-01","Studnia_A",2.784
"1999-11-01","Studnia_A",2.905
"1999-12-01","Studnia_A",3.074
"2000-01-01","Studnia_A",3.244
"2000-02-01","Studnia_A",3.368
"2000-03-01","Studnia_A",3.412
"2000-04-01","Studnia_A",3.364
"2000-05-01","Studnia_A",3.236
"2000-06-01","Studnia_A",3.062
"2000-07-01","Studnia_A",2.89
"2000-08-01","Studnia_A",2.766
"2000-09-01","Studnia_A",2.724
"2000-10-01","Studnia_A",2.778
"2000-11-01","Studnia_A",2.914
"2000-12-01","Studnia_A",3.098
"2001-01-01","Studnia_A",3.283
"2001-02-01","Studnia_A",3.422
"2001-03-01","Studnia_A",3.481
"2001-04-01","Studnia_A",3.445
"2001-05-01","Studnia_A",3.329
"2001-06-01","Studnia_A",3.166
"2001-07-01","Studnia_A",3.003
"2001-08-01","Studnia_A",2.886
"2001-09-01","Studnia_A",2.85
"2001-10-01","Studnia_A",2.907
"2001-11-01","Studnia_A",3.044
"2001-12-01","Studnia_A",3.227
"2002-01-01","Studnia_A",3.409
"2002-02-01","Studnia_A",3.542
"2002-03-01","Studnia_A",3.593
"2002-04-01","Studnia_A",3.549
"2002-05-01","Studnia_A",3.422
"2002-06-01","Studnia_A",3.247
"2002-07-01","Studnia_A",3.071
"2002-08-01","Studnia_A",2.94
"2002-09-01","Studnia_A",2.889
"2002-10-01","Studnia_A",2.93
"2002-11-01","Studnia_A",3.053
"2002-12-01","Studnia_A",3.221
"2003-01-01","Studnia_A",3.388
"2003-02-01","Studnia_A",3.509
"2003-03-01","Studnia_A",3.548
"2003-04-01","Studnia_A",3.493
"2003-05-01","Studnia_A",3.357
"2003-06-01","Studnia_A",3.175
"2003-07-01","Studnia_A",2.993
"2003-08-01","Studnia_A",2.859
"2003-09-01","Studnia_A",2.807
"2003-10-01","Studnia_A",2.85
"2003-11-01","Studnia_A",2.975
"2003-12-01","Studnia_A",3.149
"2004-01-01","Studnia_A",3.324
"2004-02-01","Studnia_A",3.453
"2004-03-01","Studnia_A",3.503
"2004-04-01","Studnia_A",3.46
"2004-05-01","Studnia_A",3.338
"2004-06-01","Studnia_A",3.169
"2004-07-01","Studnia_A",3.002
"2004-08-01","Studnia_A",2.883
"2004-09-01","Studnia_A",2.847
"2004-10-01","Studnia_A",2.904
"2004-11-01","Studnia_A",3.044
"2004-12-01","Studnia_A",3.231
"2005-01-01","Studnia_A",3.417
"2005-02-01","Studnia_A",3.558
"2005-03-01","Studnia_A",3.616
"2005-04-01","Studnia_A",3.581
"2005-05-01","Studnia_A",3.463
"2005-06-01","Studnia_A",3.298
"2005-07-01","Studnia_A",3.132
"2005-08-01","Studnia_A",3.012
"2005-09-01","Studnia_A",2.972
"2005-10-01","Studnia_A",3.024
"2005-11-01","Studnia_A",3.156
"2005-12-01","Studnia_A",3.334
"2006-01-01","Studnia_A",3.51
"2006-02-01","Studnia_A",3.638
"2006-03-01","Studnia_A",3.683
"2006-04-01","Studnia_A",3.634
"2006-05-01","Studnia_A",3.502
"2006-06-01","Studnia_A",3.321
"2006-07-01","Studnia_A",3.14
"2006-08-01","Studnia_A",3.005
"2006-09-01","Studnia_A",2.951
"2006-10-01","Studnia_A",2.99
"2006-11-01","Studnia_A",3.11
"2006-12-01","Studnia_A",3.277
"2007-01-01","Studnia_A",3.445
"2007-02-01","Studnia_A",3.565
"2007-03-01","Studnia_A",3.606
"2007-04-01","Studnia_A",3.553
"2007-05-01","Studnia_A",3.42
"2007-06-01","Studnia_A",
"2007-07-01","Studnia_A",
"2007-08-01","Studnia_A",
"2007-09-01","Studnia_A",2.887
"2007-10-01","Studnia_A",2.935
"2007-11-01","Studnia_A",3.066
"2007-12-01","Studnia_A",3.245
"2008-01-01","Studnia_A",3.426
"2008-02-01","Studnia_A",3.561
"2008-03-01","Studnia_A",3.616
"2008-04-01","Studnia_A",3.578
"2008-05-01","Studnia_A",3.46
"2008-06-01","Studnia_A",3.296
"2008-07-01","Studnia_A",3.132
"2008-08-01","Studnia_A",3.016
"2008-09-01","Studnia_A",2.981
"2008-10-01","Studnia_A",3.04
"2008-11-01","Studnia_A",3.179
"2008-12-01","Studnia_A",3.366
"2009-01-01","Studnia_A",3.551
"2009-02-01","Studnia_A",3.689
"2009-03-01","Studnia_A",3.745
"2009-04-01","Studnia_A",3.706
"2009-05-01","Studnia_A",3.585
"2009-06-01","Studnia_A",3.415
"2009-07-01","Studnia_A",3.244
"2009-08-01","Studnia_A",3.119
"2009-09-01","Studnia_A",3.073
"2009-10-01","Studnia_A",3.12
"2009-11-01","Studnia_A",3.246
"2009-12-01","Studnia_A",3.418
"2010-01-01","Studnia_A",3.589
"2010-02-01","Studnia_A",3.712
"2010-03-01","Studnia_A",3.753
"2010-04-01","Studnia_A",3.7
"2010-05-01","Studnia_A",3.564
"2010-06-01","Studnia_A",3.381
"2010-07-01","Studnia_A",3.198
"2010-08-01","Studnia_A",3.062
"2010-09-01","Studnia_A",3.008
"2010-10-01","Studnia_A",3.047
"2010-11-01","Studnia_A",3.169
"2010-12-01","Studnia_A",3.338
"2011-01-01","Studnia_A",3.508
"2011-02-01","Studnia_A",3.632
"2011-03-01","Studnia_A",3.676
"2011-04-01","Studnia_A",3.628
"2011-05-01","Studnia_A",3.5
"2011-06-01","Studnia_A",3.326
"2011-07-01","Studnia_A",3.154
"2011-08-01","Studnia_A",3.03
"2011-09-01","Studnia_A",2.989
"2011-10-01","Studnia_A",3.042
"2011-11-01","Studnia_A",3.179
"2011-12-01","Studnia_A",3.363
"2012-01-01","Studnia_A",3.548
"2012-02-01","Studnia_A",3.687
"2012-03-01","Studnia_A",3.745
"2012-04-01","Studnia_A",3.71
"2012-05-01","Studnia_A",3.594
"2012-06-01","Studnia_A",3.431
"2012-07-01","Studnia_A",3.268
"2012-08-01","Studnia_A",3.151
"2012-09-01","Studnia_A",3.115
"2012-10-01","Studnia_A",3.171
"2012-11-01","Studnia_A",3.308
"2012-12-01","Studnia_A",3.491
"2013-01-01","Studnia_A",3.673
"2013-02-01","Studnia_A",3.807
"2013-03-01","Studnia_A",3.857
"2013-04-01","Studnia_A",3.813
"2013-05-01","Studnia_A",3.686
"2013-06-01","Studnia_A",3.511
"2013-07-01","Studnia_A",3.334
"2013-08-01","Studnia_A",3.203
"2013-09-01","Studnia_A",3.152
"2013-10-01","Studnia_A",3.194
"2013-11-01","Studnia_A",3.316
"2013-12-01","Studnia_A",3.484
"2014-01-01","Studnia_A",3.652
"2014-02-01","Studnia_A",3.772
"2014-03-01","Studnia_A",3.811
"2014-04-01","Studnia_A",3.756
"2014-05-01","Studnia_A",3.62
"2014-06-01","Studnia_A",3.438
"2014-07-01","Studnia_A",3.256
"2014-08-01","Studnia_A",3.122
"2014-09-01","Studnia_A",3.07
"2014-10-01","Studnia_A",3.113
"2014-11-01","Studnia_A",3.239
"2014-12-01","Studnia_A",3.413
"2015-01-01","Studnia_A",3.588
"2015-02-01","Studnia_A",3.717
"2015-03-01","Studnia_A",3.767
"2015-04-01","Studnia_A",3.724
"2015-05-01","Studnia_A",3.602
"2015-06-01","Studnia_A",3.434
"2015-07-01","Studnia_A",3.267
"2015-08-01","Studnia_A",3.148
"2015-09-01","Studnia_A",3.111
"2015-10-01","Studnia_A",3.169
"2015-11-01","Studnia_A",3.308
"2015-12-01","Studnia_A",3.495
"2016-01-01","Studnia_A",3.682
"2016-02-01","Studnia_A",3.822
"2016-03-01","Studnia_A",3.881
"2016-04-01","Studnia_A",3.845
"2016-05-01","Studnia_A",3.728
"2016-06-01","Studnia_A",3.563
"2016-07-01","Studnia_A",3.397
"2016-08-01","Studnia_A",3.276
"2016-09-01","Studnia_A",3.236
"2016-10-01","Studnia_A",3.288
"2016-11-01","Studnia_A",3.42
"2016-12-01","Studnia_A",3.598
"2017-01-01","Studnia_A",3.774
"2017-02-01","Studnia_A",3.902
"2017-03-01","Studnia_A",3.947
"2017-04-01","Studnia_A",3.897
"2017-05-01","Studnia_A",3.765
"2017-06-01","Studnia_A",3.585
"2017-07-01","Studnia_A",3.404
"2017-08-01","Studnia_A",3.269
"2017-09-01","Studnia_A",3.215
"2017-10-01","Studnia_A",3.254
"2017-11-01","Studnia_A",3.374
"2017-12-01","Studnia_A",3.541
"2018-01-01","Studnia_A",3.708
"2018-02-01","Studnia_A",3.829
"2018-03-01","Studnia_A",3.869
"2018-04-01","Studnia_A",3.816
"2018-05-01","Studnia_A",3.683
"2018-06-01","Studnia_A",3.505
"2018-07-01","Studnia_A",3.327
"2018-08-01","Studnia_A",3.197
"2018-09-01","Studnia_A",3.151
"2018-10-01","Studnia_A",3.199
"2018-11-01","Studnia_A",3.33
"2018-12-01","Studnia_A",3.509
"2019-01-01","Studnia_A",3.69
"2019-02-01","Studnia_A",3.825
"2019-03-01","Studnia_A",3.88
"2019-04-01","Studnia_A",3.842
"2019-05-01","Studnia_A",3.724
"2019-06-01","Studnia_A",3.56
"2019-07-01","Studnia_A",3.396
"2019-08-01","Studnia_A",3.28
"2019-09-01","Studnia_A",3.245
"2019-10-01","Studnia_A",3.304
"2019-11-01","Studnia_A",3.444
"2019-12-01","Studnia_A",3.63
"2020-01-01","Studnia_A",3.816
"2020-02-01","Studnia_A",3.954
"2020-03-01","Studnia_A",4.01
"2020-04-01","Studnia_A",3.971
"2020-05-01","Studnia_A",3.849
"2020-06-01","Studnia_A",3.68
"2020-07-01","Studnia_A",3.508
"2020-08-01","Studnia_A",3.383
"2020-09-01","Studnia_A",3.337
"2020-10-01","Studnia_A",3.384
"2020-11-01","Studnia_A",3.51
"2020-12-01","Studnia_A",3.682
"2021-01-01","Studnia_A",3.853
"2021-02-01","Studnia_A",3.976
"2021-03-01","Studnia_A",4.017
"2021-04-01","Studnia_A",3.963
"2021-05-01","Studnia_A",3.827
"2021-06-01","Studnia_A",3.645
"2021-07-01","Studnia_A",3.462
"2021-08-01","Studnia_A",3.326
"2021-09-01","Studnia_A",3.271
"2021-10-01","Studnia_A",3.311
"2021-11-01","Studnia_A",3.432
"2021-12-01","Studnia_A",3.601
"2022-01-01","Studnia_A",3.771
"2022-02-01","Studnia_A",3.896
"2022-03-01","Studnia_A",3.94
"2022-04-01","Studnia_A",3.892
"2022-05-01","Studnia_A",3.764
"2022-06-01","Studnia_A",3.59
"2022-07-01","Studnia_A",3.418
"2022-08-01","Studnia_A",3.294
"2022-09-01","Studnia_A",3.253
"2022-10-01","Studnia_A",3.307
"2022-11-01","Studnia_A",3.443
"2022-12-01","Studnia_A",3.627
"2023-01-01","Studnia_A",3.812
"2023-02-01","Studnia_A",3.951
"2023-03-01","Studnia_A",4.01
"2023-04-01","Studnia_A",3.975
"2023-05-01","Studnia_A",3.858
"2023-06-01","Studnia_A",3.695
"2023-07-01","Studnia_A",3.532
"2023-08-01","Studnia_A",3.415
"2023-09-01","Studnia_A",3.379
"2023-10-01","Studnia_A",3.436
"2023-11-01","Studnia_A",3.573
"2023-12-01","Studnia_A",3.756
"2024-01-01","Studnia_A",3.937
"2024-02-01","Studnia_A",4.071
"2024-03-01","Studnia_A",4.121
"2024-04-01","Studnia_A",4.077
"2024-05-01","Studnia_A",3.95
"2024-06-01","Studnia_A",3.775
"2024-07-01","Studnia_A",3.598
"2024-08-01","Studnia_A",3.467
"2024-09-01","Studnia_A",3.416
"2024-10-01","Studnia_A",3.458
"2024-11-01","Studnia_A",3.58
"2024-12-01","Studnia_A",3.748
